mst,tour,Blocking,hDFS,NN,DFS,eta,pTour,param,Robust_pTour,Robust_pTour_theoretic
1140963,1868247,3302343,3270719,2412369,2470451,7872601,5380045,0.25,3438909,3069099
1140963,1868247,3302343,3270719,2412369,2470451,7872601,5380045,0.5,2947562,3008042
1140963,1868247,3302343,3270719,2412369,2470451,7872601,5380045,0.75,2797599,3032429
1140963,1868247,3302343,3270719,2412369,2470451,7872601,5380045,1.0,2871748,3043408
1140963,1868247,3302343,3270719,2412369,2470451,7872601,5380045,1.25,2974967,3055554
1140963,1868247,3302343,3270719,2412369,2470451,3066427,3479096,0.25,2722876,2759203
1140963,1868247,3302343,3270719,2412369,2470451,3066427,3479096,0.5,2561581,2785048
1140963,1868247,3302343,3270719,2412369,2470451,3066427,3479096,0.75,2640800,2885375
1140963,1868247,3302343,3270719,2412369,2470451,3066427,3479096,1.0,2762305,2900184
1140963,1868247,3302343,3270719,2412369,2470451,3066427,3479096,1.25,2774888,2977289
1140963,1868247,3302343,3270719,2412369,2470451,20138746,11837884,0.25,6026685,3756735
1140963,1868247,3302343,3270719,2412369,2470451,20138746,11837884,0.5,3795948,3409539
1140963,1868247,3302343,3270719,2412369,2470451,20138746,11837884,0.75,3075025,3246554
1140963,1868247,3302343,3270719,2412369,2470451,20138746,11837884,1.0,3287480,3240534
1140963,1868247,3302343,3270719,2412369,2470451,20138746,11837884,1.25,3143541,3163220
1140963,1868247,3302343,3270719,2412369,2470451,14651321,9417480,0.25,4945757,3523686
1140963,1868247,3302343,3270719,2412369,2470451,14651321,9417480,0.5,3832614,3395196
1140963,1868247,3302343,3270719,2412369,2470451,14651321,9417480,0.75,3094265,3197264
1140963,1868247,3302343,3270719,2412369,2470451,14651321,9417480,1.0,3087734,3104253
1140963,1868247,3302343,3270719,2412369,2470451,14651321,9417480,1.25,3134645,3156466
1140963,1868247,3302343,3270719,2412369,2470451,27634976,15590164,0.25,7256909,4048511
1140963,1868247,3302343,3270719,2412369,2470451,27634976,15590164,0.5,4647113,3526472
1140963,1868247,3302343,3270719,2412369,2470451,27634976,15590164,0.75,3443672,3326017
1140963,1868247,3302343,3270719,2412369,2470451,27634976,15590164,1.0,3164697,3265606
1140963,1868247,3302343,3270719,2412369,2470451,27634976,15590164,1.25,3137649,3177496
1140963,1868247,3302343,3270719,2412369,2470451,28664010,17171493,0.25,7172330,4207616
1140963,1868247,3302343,3270719,2412369,2470451,28664010,17171493,0.5,4481487,3544105
1140963,1868247,3302343,3270719,2412369,2470451,28664010,17171493,0.75,3620766,3369719
1140963,1868247,3302343,3270719,2412369,2470451,28664010,17171493,1.0,3545454,3300696
1140963,1868247,3302343,3270719,2412369,2470451,28664010,17171493,1.25,3146104,3177790
1140963,1868247,3302343,3270719,2412369,2470451,538770,2089908,0.25,1984014,2416269
1140963,1868247,3302343,3270719,2412369,2470451,538770,2089908,0.5,2051695,2531296
1140963,1868247,3302343,3270719,2412369,2470451,538770,2089908,0.75,2225054,2669965
1140963,1868247,3302343,3270719,2412369,2470451,538770,2089908,1.0,2461210,2775753
1140963,1868247,3302343,3270719,2412369,2470451,538770,2089908,1.25,2635896,2793206
1140963,1868247,3302343,3270719,2412369,2470451,19343275,12100705,0.25,5476104,3753723
1140963,1868247,3302343,3270719,2412369,2470451,19343275,12100705,0.5,3881709,3390418
1140963,1868247,3302343,3270719,2412369,2470451,19343275,12100705,0.75,3226108,3233288
1140963,1868247,3302343,3270719,2412369,2470451,19343275,12100705,1.0,3239329,3189223
1140963,1868247,3302343,3270719,2412369,2470451,19343275,12100705,1.25,3121250,3182852
1140963,1868247,3302343,3270719,2412369,2470451,30081856,18346403,0.25,7077424,4257203
1140963,1868247,3302343,3270719,2412369,2470451,30081856,18346403,0.5,4572102,3602002
1140963,1868247,3302343,3270719,2412369,2470451,30081856,18346403,0.75,3543030,3350451
1140963,1868247,3302343,3270719,2412369,2470451,30081856,18346403,1.0,3292329,3256691
1140963,1868247,3302343,3270719,2412369,2470451,30081856,18346403,1.25,3137601,3227823
1140963,1868247,3302343,3270719,2412369,2470451,21224128,14577368,0.25,5745352,3939027
1140963,1868247,3302343,3270719,2412369,2470451,21224128,14577368,0.5,4344388,3451228
1140963,1868247,3302343,3270719,2412369,2470451,21224128,14577368,0.75,3142656,3272883
1140963,1868247,3302343,3270719,2412369,2470451,21224128,14577368,1.0,3457315,3205885
1140963,1868247,3302343,3270719,2412369,2470451,21224128,14577368,1.25,3042590,3146321
1140963,1868247,3302343,3270719,2412369,2470451,18093908,13676300,0.25,5516410,3846045
1140963,1868247,3302343,3270719,2412369,2470451,18093908,13676300,0.5,3943353,3364938
1140963,1868247,3302343,3270719,2412369,2470451,18093908,13676300,0.75,3302124,3308112
1140963,1868247,3302343,3270719,2412369,2470451,18093908,13676300,1.0,3219922,3217374
1140963,1868247,3302343,3270719,2412369,2470451,18093908,13676300,1.25,3122188,3201818
1140963,1868247,3302343,3270719,2412369,2470451,13499675,10461086,0.25,4746416,3530637
1140963,1868247,3302343,3270719,2412369,2470451,13499675,10461086,0.5,3531036,3136373
1140963,1868247,3302343,3270719,2412369,2470451,13499675,10461086,0.75,3043122,3122581
1140963,1868247,3302343,3270719,2412369,2470451,13499675,10461086,1.0,3017497,3073033
1140963,1868247,3302343,3270719,2412369,2470451,13499675,10461086,1.25,3003919,3059472
1140963,1868247,3302343,3270719,2412369,2470451,13250726,8882805,0.25,5080765,3429064
1140963,1868247,3302343,3270719,2412369,2470451,13250726,8882805,0.5,3340024,3173903
1140963,1868247,3302343,3270719,2412369,2470451,13250726,8882805,0.75,2968859,3076635
1140963,1868247,3302343,3270719,2412369,2470451,13250726,8882805,1.0,2991633,3108229
1140963,1868247,3302343,3270719,2412369,2470451,13250726,8882805,1.25,2989788,3090828
1140963,1868247,3302343,3270719,2412369,2470451,3492583,3748747,0.25,2873670,2821973
1140963,1868247,3302343,3270719,2412369,2470451,3492583,3748747,0.5,2753830,2815058
1140963,1868247,3302343,3270719,2412369,2470451,3492583,3748747,0.75,2620088,2900108
1140963,1868247,3302343,3270719,2412369,2470451,3492583,3748747,1.0,2773584,2931754
1140963,1868247,3302343,3270719,2412369,2470451,3492583,3748747,1.25,2812604,2985378
1140963,1868247,3302343,3270719,2412369,2470451,20827535,12213088,0.25,6238990,3829505
1140963,1868247,3302343,3270719,2412369,2470451,20827535,12213088,0.5,4258743,3397401
1140963,1868247,3302343,3270719,2412369,2470451,20827535,12213088,0.75,3553767,3264415
1140963,1868247,3302343,3270719,2412369,2470451,20827535,12213088,1.0,2902835,3186929
1140963,1868247,3302343,3270719,2412369,2470451,20827535,12213088,1.25,3049812,3199473
1140963,1868247,3302343,3270719,2412369,2470451,27851438,15029697,0.25,6806671,4075875
1140963,1868247,3302343,3270719,2412369,2470451,27851438,15029697,0.5,3997886,3465430
1140963,1868247,3302343,3270719,2412369,2470451,27851438,15029697,0.75,3365152,3300636
1140963,1868247,3302343,3270719,2412369,2470451,27851438,15029697,1.0,3314868,3275943
1140963,1868247,3302343,3270719,2412369,2470451,27851438,15029697,1.25,3161697,3170476
1140963,1868247,3302343,3270719,2412369,2470451,20322656,11859807,0.25,5722328,3723556
1140963,1868247,3302343,3270719,2412369,2470451,20322656,11859807,0.5,4157550,3349679
1140963,1868247,3302343,3270719,2412369,2470451,20322656,11859807,0.75,3129901,3233050
1140963,1868247,3302343,3270719,2412369,2470451,20322656,11859807,1.0,3357413,3177575
1140963,1868247,3302343,3270719,2412369,2470451,20322656,11859807,1.25,3091654,3120466
1140963,1868247,3302343,3270719,2412369,2470451,21349096,12788920,0.25,5772497,3815009
1140963,1868247,3302343,3270719,2412369,2470451,21349096,12788920,0.5,4213201,3430403
1140963,1868247,3302343,3270719,2412369,2470451,21349096,12788920,0.75,3134140,3285177
1140963,1868247,3302343,3270719,2412369,2470451,21349096,12788920,1.0,3393481,3237771
1140963,1868247,3302343,3270719,2412369,2470451,21349096,12788920,1.25,3067076,3193053
1140963,1868247,3302343,3270719,2412369,2470451,22820621,13958155,0.25,6043431,3960937
1140963,1868247,3302343,3270719,2412369,2470451,22820621,13958155,0.5,4296159,3503026
1140963,1868247,3302343,3270719,2412369,2470451,22820621,13958155,0.75,3180817,3282385
1140963,1868247,3302343,3270719,2412369,2470451,22820621,13958155,1.0,3271006,3195231
1140963,1868247,3302343,3270719,2412369,2470451,22820621,13958155,1.25,3129984,3154145
1140963,1868247,3302343,3270719,2412369,2470451,16696438,11104676,0.25,5456198,3826405
1140963,1868247,3302343,3270719,2412369,2470451,16696438,11104676,0.5,3797255,3360443
1140963,1868247,3302343,3270719,2412369,2470451,16696438,11104676,0.75,3148517,3269304
1140963,1868247,3302343,3270719,2412369,2470451,16696438,11104676,1.0,3171581,3263425
1140963,1868247,3302343,3270719,2412369,2470451,16696438,11104676,1.25,3046613,3178804
1140963,1868247,3302343,3270719,2412369,2470451,19793493,11049972,0.25,5667323,3692504
1140963,1868247,3302343,3270719,2412369,2470451,19793493,11049972,0.5,3753633,3390570
1140963,1868247,3302343,3270719,2412369,2470451,19793493,11049972,0.75,3162172,3241409
1140963,1868247,3302343,3270719,2412369,2470451,19793493,11049972,1.0,3126231,3154790
1140963,1868247,3302343,3270719,2412369,2470451,19793493,11049972,1.25,3038901,3172788
1140963,1868247,3302343,3270719,2412369,2470451,22107352,12679767,0.25,5973160,3860305
1140963,1868247,3302343,3270719,2412369,2470451,22107352,12679767,0.5,3938561,3435382
1140963,1868247,3302343,3270719,2412369,2470451,22107352,12679767,0.75,3213331,3305604
1140963,1868247,3302343,3270719,2412369,2470451,22107352,12679767,1.0,3300081,3226878
1140963,1868247,3302343,3270719,2412369,2470451,22107352,12679767,1.25,3104271,3136438
1140963,1868247,3302343,3270719,2412369,2470451,28385925,16901564,0.25,7256809,4194717
1140963,1868247,3302343,3270719,2412369,2470451,28385925,16901564,0.5,4879269,3593312
1140963,1868247,3302343,3270719,2412369,2470451,28385925,16901564,0.75,3603081,3394904
1140963,1868247,3302343,3270719,2412369,2470451,28385925,16901564,1.0,3296370,3313428
1140963,1868247,3302343,3270719,2412369,2470451,28385925,16901564,1.25,3140675,3272148
1140963,1868247,3302343,3270719,2412369,2470451,1394915,2557460,0.25,2280670,2550547
1140963,1868247,3302343,3270719,2412369,2470451,1394915,2557460,0.5,2224098,2624086
1140963,1868247,3302343,3270719,2412369,2470451,1394915,2557460,0.75,2319574,2738927
1140963,1868247,3302343,3270719,2412369,2470451,1394915,2557460,1.0,2548793,2825273
1140963,1868247,3302343,3270719,2412369,2470451,1394915,2557460,1.25,2690333,2879550
1140963,1868247,3302343,3270719,2412369,2470451,19073320,12208265,0.25,5734163,3844010
1140963,1868247,3302343,3270719,2412369,2470451,19073320,12208265,0.5,4118285,3472003
1140963,1868247,3302343,3270719,2412369,2470451,19073320,12208265,0.75,3164483,3282703
1140963,1868247,3302343,3270719,2412369,2470451,19073320,12208265,1.0,3414528,3193893
1140963,1868247,3302343,3270719,2412369,2470451,19073320,12208265,1.25,3118395,3137486
1140963,1868247,3302343,3270719,2412369,2470451,3798685,3839475,0.25,2918102,2892716
1140963,1868247,3302343,3270719,2412369,2470451,3798685,3839475,0.5,2645680,2858611
1140963,1868247,3302343,3270719,2412369,2470451,3798685,3839475,0.75,2701397,2913826
1140963,1868247,3302343,3270719,2412369,2470451,3798685,3839475,1.0,2890403,2939490
1140963,1868247,3302343,3270719,2412369,2470451,3798685,3839475,1.25,2847746,3006377
1140963,1868247,3302343,3270719,2412369,2470451,12555993,9427467,0.25,4953468,3484335
1140963,1868247,3302343,3270719,2412369,2470451,12555993,9427467,0.5,3592808,3149615
1140963,1868247,3302343,3270719,2412369,2470451,12555993,9427467,0.75,3024140,3158354
1140963,1868247,3302343,3270719,2412369,2470451,12555993,9427467,1.0,2972964,3097687
1140963,1868247,3302343,3270719,2412369,2470451,12555993,9427467,1.25,3019928,3096472
1140963,1868247,3302343,3270719,2412369,2470451,19952884,11424938,0.25,5528288,3782543
1140963,1868247,3302343,3270719,2412369,2470451,19952884,11424938,0.5,4063106,3376295
1140963,1868247,3302343,3270719,2412369,2470451,19952884,11424938,0.75,3122031,3237121
1140963,1868247,3302343,3270719,2412369,2470451,19952884,11424938,1.0,3186472,3222157
1140963,1868247,3302343,3270719,2412369,2470451,19952884,11424938,1.25,3084606,3152302
1140963,1868247,3302343,3270719,2412369,2470451,38203,1880533,0.25,1900606,2357991
1140963,1868247,3302343,3270719,2412369,2470451,38203,1880533,0.5,2006797,2493941
1140963,1868247,3302343,3270719,2412369,2470451,38203,1880533,0.75,2159410,2645756
1140963,1868247,3302343,3270719,2412369,2470451,38203,1880533,1.0,2423571,2747889
1140963,1868247,3302343,3270719,2412369,2470451,38203,1880533,1.25,2585504,2772225
1140963,1868247,3302343,3270719,2412369,2470451,13959256,8642439,0.25,4439300,3462388
1140963,1868247,3302343,3270719,2412369,2470451,13959256,8642439,0.5,3514882,3218216
1140963,1868247,3302343,3270719,2412369,2470451,13959256,8642439,0.75,2981364,3157639
1140963,1868247,3302343,3270719,2412369,2470451,13959256,8642439,1.0,3289686,3130915
1140963,1868247,3302343,3270719,2412369,2470451,13959256,8642439,1.25,3050989,3170838
1140963,1868247,3302343,3270719,2412369,2470451,24861426,15351172,0.25,6943680,4087234
1140963,1868247,3302343,3270719,2412369,2470451,24861426,15351172,0.5,4196735,3445343
1140963,1868247,3302343,3270719,2412369,2470451,24861426,15351172,0.75,3308274,3318402
1140963,1868247,3302343,3270719,2412369,2470451,24861426,15351172,1.0,3149230,3248976
1140963,1868247,3302343,3270719,2412369,2470451,24861426,15351172,1.25,3122120,3143096
1140963,1868247,3302343,3270719,2412369,2470451,23518762,14029268,0.25,6186579,3939739
1140963,1868247,3302343,3270719,2412369,2470451,23518762,14029268,0.5,4373126,3482996
1140963,1868247,3302343,3270719,2412369,2470451,23518762,14029268,0.75,3830299,3257171
1140963,1868247,3302343,3270719,2412369,2470451,23518762,14029268,1.0,3125872,3239054
1140963,1868247,3302343,3270719,2412369,2470451,23518762,14029268,1.25,3064200,3178486
1140963,1868247,3302343,3270719,2412369,2470451,29930690,18392251,0.25,7615070,4231125
1140963,1868247,3302343,3270719,2412369,2470451,29930690,18392251,0.5,4227749,3598973
1140963,1868247,3302343,3270719,2412369,2470451,29930690,18392251,0.75,3502775,3357282
1140963,1868247,3302343,3270719,2412369,2470451,29930690,18392251,1.0,3417770,3292139
1140963,1868247,3302343,3270719,2412369,2470451,29930690,18392251,1.25,3147114,3177032
1140963,1868247,3302343,3270719,2412369,2470451,1007759,2371859,0.25,2120026,2478595
1140963,1868247,3302343,3270719,2412369,2470451,1007759,2371859,0.5,2174458,2584805
1140963,1868247,3302343,3270719,2412369,2470451,1007759,2371859,0.75,2285478,2708768
1140963,1868247,3302343,3270719,2412369,2470451,1007759,2371859,1.0,2566084,2781295
1140963,1868247,3302343,3270719,2412369,2470451,1007759,2371859,1.25,2644756,2838854
1140963,1868247,3302343,3270719,2412369,2470451,23929226,12880181,0.25,5457394,3895430
1140963,1868247,3302343,3270719,2412369,2470451,23929226,12880181,0.5,4132992,3426123
1140963,1868247,3302343,3270719,2412369,2470451,23929226,12880181,0.75,3254860,3308709
1140963,1868247,3302343,3270719,2412369,2470451,23929226,12880181,1.0,3166558,3228021
1140963,1868247,3302343,3270719,2412369,2470451,23929226,12880181,1.25,3134244,3145624
1140963,1868247,3302343,3270719,2412369,2470451,9803134,7307594,0.25,4011089,3269626
1140963,1868247,3302343,3270719,2412369,2470451,9803134,7307594,0.5,3256647,3060168
1140963,1868247,3302343,3270719,2412369,2470451,9803134,7307594,0.75,2916013,3066021
1140963,1868247,3302343,3270719,2412369,2470451,9803134,7307594,1.0,2760687,3042524
1140963,1868247,3302343,3270719,2412369,2470451,9803134,7307594,1.25,2958550,3002044
1140963,1868247,3302343,3270719,2412369,2470451,25722053,14579989,0.25,6352442,4040432
1140963,1868247,3302343,3270719,2412369,2470451,25722053,14579989,0.5,4835193,3494020
1140963,1868247,3302343,3270719,2412369,2470451,25722053,14579989,0.75,3831472,3322691
1140963,1868247,3302343,3270719,2412369,2470451,25722053,14579989,1.0,3230856,3219255
1140963,1868247,3302343,3270719,2412369,2470451,25722053,14579989,1.25,3134563,3151208
1140963,1868247,3302343,3270719,2412369,2470451,9538650,6689846,0.25,3689894,3182266
1140963,1868247,3302343,3270719,2412369,2470451,9538650,6689846,0.5,3194754,3045482
1140963,1868247,3302343,3270719,2412369,2470451,9538650,6689846,0.75,2953773,3064203
1140963,1868247,3302343,3270719,2412369,2470451,9538650,6689846,1.0,3018223,3074446
1140963,1868247,3302343,3270719,2412369,2470451,9538650,6689846,1.25,2927661,3075260
1140963,1868247,3302343,3270719,2412369,2470451,23603458,14164001,0.25,6188356,3994914
1140963,1868247,3302343,3270719,2412369,2470451,23603458,14164001,0.5,4624389,3497155
1140963,1868247,3302343,3270719,2412369,2470451,23603458,14164001,0.75,3203233,3297148
1140963,1868247,3302343,3270719,2412369,2470451,23603458,14164001,1.0,2922582,3239489
1140963,1868247,3302343,3270719,2412369,2470451,23603458,14164001,1.25,3160625,3184395
1140963,1868247,3302343,3270719,2412369,2470451,27320839,14696403,0.25,6768028,4022495
1140963,1868247,3302343,3270719,2412369,2470451,27320839,14696403,0.5,4441925,3535909
1140963,1868247,3302343,3270719,2412369,2470451,27320839,14696403,0.75,3254041,3343626
1140963,1868247,3302343,3270719,2412369,2470451,27320839,14696403,1.0,3233188,3234881
1140963,1868247,3302343,3270719,2412369,2470451,27320839,14696403,1.25,3165415,3171208
1140963,1868247,3302343,3270719,2412369,2470451,9951138,6382628,0.25,3649562,3199341
1140963,1868247,3302343,3270719,2412369,2470451,9951138,6382628,0.5,3158511,3070915
1140963,1868247,3302343,3270719,2412369,2470451,9951138,6382628,0.75,2869811,3049143
1140963,1868247,3302343,3270719,2412369,2470451,9951138,6382628,1.0,2763900,3035271
1140963,1868247,3302343,3270719,2412369,2470451,9951138,6382628,1.25,2945797,3052301
1140963,1868247,3302343,3270719,2412369,2470451,25335969,15149943,0.25,6777207,4036368
1140963,1868247,3302343,3270719,2412369,2470451,25335969,15149943,0.5,4071682,3438105
1140963,1868247,3302343,3270719,2412369,2470451,25335969,15149943,0.75,3229511,3351246
1140963,1868247,3302343,3270719,2412369,2470451,25335969,15149943,1.0,3153451,3225064
1140963,1868247,3302343,3270719,2412369,2470451,25335969,15149943,1.25,3103122,3184891
1140963,1868247,3302343,3270719,2412369,2470451,24030388,14457318,0.25,6533947,4082766
1140963,1868247,3302343,3270719,2412369,2470451,24030388,14457318,0.5,4056396,3483695
1140963,1868247,3302343,3270719,2412369,2470451,24030388,14457318,0.75,3232183,3303418
1140963,1868247,3302343,3270719,2412369,2470451,24030388,14457318,1.0,2909077,3293339
1140963,1868247,3302343,3270719,2412369,2470451,24030388,14457318,1.25,3128092,3171709
1140963,1868247,3302343,3270719,2412369,2470451,8281643,6412360,0.25,3222079,3079836
1140963,1868247,3302343,3270719,2412369,2470451,8281643,6412360,0.5,3047059,2991526
1140963,1868247,3302343,3270719,2412369,2470451,8281643,6412360,0.75,2758574,2994114
1140963,1868247,3302343,3270719,2412369,2470451,8281643,6412360,1.0,2843902,3040220
1140963,1868247,3302343,3270719,2412369,2470451,8281643,6412360,1.25,2960378,3066951
1140963,1868247,3302343,3270719,2412369,2470451,8589381,6009059,0.25,3844670,3160563
1140963,1868247,3302343,3270719,2412369,2470451,8589381,6009059,0.5,3176228,3047209
1140963,1868247,3302343,3270719,2412369,2470451,8589381,6009059,0.75,3031185,3009241
1140963,1868247,3302343,3270719,2412369,2470451,8589381,6009059,1.0,2951972,3031232
1140963,1868247,3302343,3270719,2412369,2470451,8589381,6009059,1.25,2895778,3089206
1140963,1868247,3302343,3270719,2412369,2470451,1559310,2618682,0.25,2224672,2585650
1140963,1868247,3302343,3270719,2412369,2470451,1559310,2618682,0.5,2314586,2671619
1140963,1868247,3302343,3270719,2412369,2470451,1559310,2618682,0.75,2298152,2766630
1140963,1868247,3302343,3270719,2412369,2470451,1559310,2618682,1.0,2590184,2815989
1140963,1868247,3302343,3270719,2412369,2470451,1559310,2618682,1.25,2729104,2820576
1140963,1868247,3302343,3270719,2412369,2470451,10143218,7487140,0.25,3997450,3314014
1140963,1868247,3302343,3270719,2412369,2470451,10143218,7487140,0.5,3203785,3100595
1140963,1868247,3302343,3270719,2412369,2470451,10143218,7487140,0.75,2905311,3110423
1140963,1868247,3302343,3270719,2412369,2470451,10143218,7487140,1.0,2947928,3060350
1140963,1868247,3302343,3270719,2412369,2470451,10143218,7487140,1.25,3032254,3050517
1140963,1868247,3302343,3270719,2412369,2470451,24356966,15220816,0.25,6725616,4058930
1140963,1868247,3302343,3270719,2412369,2470451,24356966,15220816,0.5,4056112,3417306
1140963,1868247,3302343,3270719,2412369,2470451,24356966,15220816,0.75,3443902,3258581
1140963,1868247,3302343,3270719,2412369,2470451,24356966,15220816,1.0,3357882,3160980
1140963,1868247,3302343,3270719,2412369,2470451,24356966,15220816,1.25,3105558,3145103
1140963,1868247,3302343,3270719,2412369,2470451,8421576,5975861,0.25,3810167,3107176
1140963,1868247,3302343,3270719,2412369,2470451,8421576,5975861,0.5,3043493,3074849
1140963,1868247,3302343,3270719,2412369,2470451,8421576,5975861,0.75,2798974,3002271
1140963,1868247,3302343,3270719,2412369,2470451,8421576,5975861,1.0,2793546,3037455
1140963,1868247,3302343,3270719,2412369,2470451,8421576,5975861,1.25,2926652,3036218
1140963,1868247,3302343,3270719,2412369,2470451,27491254,14744725,0.25,7292348,4052430
1140963,1868247,3302343,3270719,2412369,2470451,27491254,14744725,0.5,4386683,3535660
1140963,1868247,3302343,3270719,2412369,2470451,27491254,14744725,0.75,3964589,3335325
1140963,1868247,3302343,3270719,2412369,2470451,27491254,14744725,1.0,3275770,3208459
1140963,1868247,3302343,3270719,2412369,2470451,27491254,14744725,1.25,3156742,3175859
1140963,1868247,3302343,3270719,2412369,2470451,4260516,3827537,0.25,2824333,2806152
1140963,1868247,3302343,3270719,2412369,2470451,4260516,3827537,0.5,2619892,2840219
1140963,1868247,3302343,3270719,2412369,2470451,4260516,3827537,0.75,2775524,2877056
1140963,1868247,3302343,3270719,2412369,2470451,4260516,3827537,1.0,2745739,2928139
1140963,1868247,3302343,3270719,2412369,2470451,4260516,3827537,1.25,2820775,3024933
1140963,1868247,3302343,3270719,2412369,2470451,12192014,7873831,0.25,4594450,3403731
1140963,1868247,3302343,3270719,2412369,2470451,12192014,7873831,0.5,3418028,3156839
1140963,1868247,3302343,3270719,2412369,2470451,12192014,7873831,0.75,2947272,3088581
1140963,1868247,3302343,3270719,2412369,2470451,12192014,7873831,1.0,3135880,3091056
1140963,1868247,3302343,3270719,2412369,2470451,12192014,7873831,1.25,2969905,3069178
1140963,1868247,3302343,3270719,2412369,2470451,28940674,15281265,0.25,6825803,4169745
1140963,1868247,3302343,3270719,2412369,2470451,28940674,15281265,0.5,4217117,3548657
1140963,1868247,3302343,3270719,2412369,2470451,28940674,15281265,0.75,3334688,3379539
1140963,1868247,3302343,3270719,2412369,2470451,28940674,15281265,1.0,3428318,3265115
1140963,1868247,3302343,3270719,2412369,2470451,28940674,15281265,1.25,3222800,3205273
1140963,1868247,3302343,3270719,2412369,2470451,26661557,15872200,0.25,6645013,4111246
1140963,1868247,3302343,3270719,2412369,2470451,26661557,15872200,0.5,4619711,3559392
1140963,1868247,3302343,3270719,2412369,2470451,26661557,15872200,0.75,3362956,3335021
1140963,1868247,3302343,3270719,2412369,2470451,26661557,15872200,1.0,3180544,3291113
1140963,1868247,3302343,3270719,2412369,2470451,26661557,15872200,1.25,3162416,3167092
1140963,1868247,3302343,3270719,2412369,2470451,1300056,2563159,0.25,2141576,2502735
1140963,1868247,3302343,3270719,2412369,2470451,1300056,2563159,0.5,2167262,2588182
1140963,1868247,3302343,3270719,2412369,2470451,1300056,2563159,0.75,2316337,2726489
1140963,1868247,3302343,3270719,2412369,2470451,1300056,2563159,1.0,2527104,2787082
1140963,1868247,3302343,3270719,2412369,2470451,1300056,2563159,1.25,2693765,2828820
1140963,1868247,3302343,3270719,2412369,2470451,1107243,2425195,0.25,2129817,2520550
1140963,1868247,3302343,3270719,2412369,2470451,1107243,2425195,0.5,2140876,2606197
1140963,1868247,3302343,3270719,2412369,2470451,1107243,2425195,0.75,2320859,2699507
1140963,1868247,3302343,3270719,2412369,2470451,1107243,2425195,1.0,2465380,2794004
1140963,1868247,3302343,3270719,2412369,2470451,1107243,2425195,1.25,2659071,2863798
1140963,1868247,3302343,3270719,2412369,2470451,23056905,14200134,0.25,6956106,3988492
1140963,1868247,3302343,3270719,2412369,2470451,23056905,14200134,0.5,4680998,3479212
1140963,1868247,3302343,3270719,2412369,2470451,23056905,14200134,0.75,3528095,3312090
1140963,1868247,3302343,3270719,2412369,2470451,23056905,14200134,1.0,3181973,3178718
1140963,1868247,3302343,3270719,2412369,2470451,23056905,14200134,1.25,3088180,3144313
1140963,1868247,3302343,3270719,2412369,2470451,23159295,15483582,0.25,6763273,4056674
1140963,1868247,3302343,3270719,2412369,2470451,23159295,15483582,0.5,4430753,3478245
1140963,1868247,3302343,3270719,2412369,2470451,23159295,15483582,0.75,3351414,3323267
1140963,1868247,3302343,3270719,2412369,2470451,23159295,15483582,1.0,3186517,3210390
1140963,1868247,3302343,3270719,2412369,2470451,23159295,15483582,1.25,3141859,3164866
1140963,1868247,3302343,3270719,2412369,2470451,21868597,15657709,0.25,5943042,3930673
1140963,1868247,3302343,3270719,2412369,2470451,21868597,15657709,0.5,4610225,3418654
1140963,1868247,3302343,3270719,2412369,2470451,21868597,15657709,0.75,3371897,3241544
1140963,1868247,3302343,3270719,2412369,2470451,21868597,15657709,1.0,3381184,3168526
1140963,1868247,3302343,3270719,2412369,2470451,21868597,15657709,1.25,3079298,3154756
1140963,1868247,3302343,3270719,2412369,2470451,223528,1956215,0.25,1943317,2392701
1140963,1868247,3302343,3270719,2412369,2470451,223528,1956215,0.5,1998227,2511400
1140963,1868247,3302343,3270719,2412369,2470451,223528,1956215,0.75,2137082,2656356
1140963,1868247,3302343,3270719,2412369,2470451,223528,1956215,1.0,2467523,2755854
1140963,1868247,3302343,3270719,2412369,2470451,223528,1956215,1.25,2597843,2802433
1140963,1868247,3302343,3270719,2412369,2470451,4544306,3961376,0.25,2856182,2845186
1140963,1868247,3302343,3270719,2412369,2470451,4544306,3961376,0.5,2664091,2857706
1140963,1868247,3302343,3270719,2412369,2470451,4544306,3961376,0.75,2675296,2892107
1140963,1868247,3302343,3270719,2412369,2470451,4544306,3961376,1.0,2732686,2934545
1140963,1868247,3302343,3270719,2412369,2470451,4544306,3961376,1.25,2857102,3005609
1140963,1868247,3302343,3270719,2412369,2470451,788149,2183387,0.25,2023397,2439937
1140963,1868247,3302343,3270719,2412369,2470451,788149,2183387,0.5,2089954,2551191
1140963,1868247,3302343,3270719,2412369,2470451,788149,2183387,0.75,2243301,2695702
1140963,1868247,3302343,3270719,2412369,2470451,788149,2183387,1.0,2452719,2793799
1140963,1868247,3302343,3270719,2412369,2470451,788149,2183387,1.25,2664867,2807182
1140963,1868247,3302343,3270719,2412369,2470451,24250193,14318279,0.25,6963617,4036372
1140963,1868247,3302343,3270719,2412369,2470451,24250193,14318279,0.5,4350849,3473101
1140963,1868247,3302343,3270719,2412369,2470451,24250193,14318279,0.75,3258175,3253339
1140963,1868247,3302343,3270719,2412369,2470451,24250193,14318279,1.0,3197879,3254015
1140963,1868247,3302343,3270719,2412369,2470451,24250193,14318279,1.25,3159213,3158579
1140963,1868247,3302343,3270719,2412369,2470451,3645303,3814202,0.25,2956581,2847757
1140963,1868247,3302343,3270719,2412369,2470451,3645303,3814202,0.5,2686978,2838794
1140963,1868247,3302343,3270719,2412369,2470451,3645303,3814202,0.75,2581352,2937079
1140963,1868247,3302343,3270719,2412369,2470451,3645303,3814202,1.0,2892814,2938601
1140963,1868247,3302343,3270719,2412369,2470451,3645303,3814202,1.25,2876236,2998435
1140963,1868247,3302343,3270719,2412369,2470451,17092839,12074542,0.25,5661046,3741429
1140963,1868247,3302343,3270719,2412369,2470451,17092839,12074542,0.5,4045834,3334863
1140963,1868247,3302343,3270719,2412369,2470451,17092839,12074542,0.75,3206158,3310995
1140963,1868247,3302343,3270719,2412369,2470451,17092839,12074542,1.0,3282969,3220094
1140963,1868247,3302343,3270719,2412369,2470451,17092839,12074542,1.25,3157889,3134803
1140963,1868247,3302343,3270719,2412369,2470451,29397864,19119198,0.25,7013701,4196411
1140963,1868247,3302343,3270719,2412369,2470451,29397864,19119198,0.5,4860623,3523357
1140963,1868247,3302343,3270719,2412369,2470451,29397864,19119198,0.75,3713511,3335561
1140963,1868247,3302343,3270719,2412369,2470451,29397864,19119198,1.0,3366422,3231754
1140963,1868247,3302343,3270719,2412369,2470451,29397864,19119198,1.25,3107418,3179845
1140963,1868247,3302343,3270719,2412369,2470451,3343865,3590946,0.25,2750913,2819519
1140963,1868247,3302343,3270719,2412369,2470451,3343865,3590946,0.5,2587938,2849762
1140963,1868247,3302343,3270719,2412369,2470451,3343865,3590946,0.75,2619612,2855475
1140963,1868247,3302343,3270719,2412369,2470451,3343865,3590946,1.0,2666513,2929432
1140963,1868247,3302343,3270719,2412369,2470451,3343865,3590946,1.25,2875907,3011756
1140963,1868247,3302343,3270719,2412369,2470451,21097799,14982154,0.25,5376331,3918803
1140963,1868247,3302343,3270719,2412369,2470451,21097799,14982154,0.5,4410883,3364114
1140963,1868247,3302343,3270719,2412369,2470451,21097799,14982154,0.75,3189758,3270155
1140963,1868247,3302343,3270719,2412369,2470451,21097799,14982154,1.0,3489918,3252098
1140963,1868247,3302343,3270719,2412369,2470451,21097799,14982154,1.25,3120641,3118833
1140963,1868247,3302343,3270719,2412369,2470451,26841902,16890987,0.25,6859632,4118410
1140963,1868247,3302343,3270719,2412369,2470451,26841902,16890987,0.5,4325507,3481441
1140963,1868247,3302343,3270719,2412369,2470451,26841902,16890987,0.75,3961490,3343771
1140963,1868247,3302343,3270719,2412369,2470451,26841902,16890987,1.0,3411836,3211683
1140963,1868247,3302343,3270719,2412369,2470451,26841902,16890987,1.25,3149148,3187455
1140963,1868247,3302343,3270719,2412369,2470451,3947414,3870997,0.25,2870162,2837691
1140963,1868247,3302343,3270719,2412369,2470451,3947414,3870997,0.5,2668782,2828447
1140963,1868247,3302343,3270719,2412369,2470451,3947414,3870997,0.75,2667479,2858704
1140963,1868247,3302343,3270719,2412369,2470451,3947414,3870997,1.0,2891401,2970923
1140963,1868247,3302343,3270719,2412369,2470451,3947414,3870997,1.25,2857109,3013430
1140963,1868247,3302343,3270719,2412369,2470451,1909952,2865413,0.25,2368859,2648660
1140963,1868247,3302343,3270719,2412369,2470451,1909952,2865413,0.5,2407414,2684260
1140963,1868247,3302343,3270719,2412369,2470451,1909952,2865413,0.75,2313988,2795390
1140963,1868247,3302343,3270719,2412369,2470451,1909952,2865413,1.0,2747488,2854724
1140963,1868247,3302343,3270719,2412369,2470451,1909952,2865413,1.25,2714510,2878635
1140963,1868247,3302343,3270719,2412369,2470451,2372100,3144536,0.25,2648010,2746152
1140963,1868247,3302343,3270719,2412369,2470451,2372100,3144536,0.5,2519830,2782766
1140963,1868247,3302343,3270719,2412369,2470451,2372100,3144536,0.75,2514419,2891571
1140963,1868247,3302343,3270719,2412369,2470451,2372100,3144536,1.0,2729411,2931563
1140963,1868247,3302343,3270719,2412369,2470451,2372100,3144536,1.25,2761853,2961577
1140963,1868247,3302343,3270719,2412369,2470451,15268881,12007414,0.25,5032790,3717893
1140963,1868247,3302343,3270719,2412369,2470451,15268881,12007414,0.5,3847664,3381468
1140963,1868247,3302343,3270719,2412369,2470451,15268881,12007414,0.75,3226185,3246072
1140963,1868247,3302343,3270719,2412369,2470451,15268881,12007414,1.0,3212885,3169196
1140963,1868247,3302343,3270719,2412369,2470451,15268881,12007414,1.25,3026181,3168171
1140963,1868247,3302343,3270719,2412369,2470451,23701011,13702688,0.25,6412626,3979782
1140963,1868247,3302343,3270719,2412369,2470451,23701011,13702688,0.5,4667627,3485516
1140963,1868247,3302343,3270719,2412369,2470451,23701011,13702688,0.75,3210133,3296009
1140963,1868247,3302343,3270719,2412369,2470451,23701011,13702688,1.0,3573068,3218591
1140963,1868247,3302343,3270719,2412369,2470451,23701011,13702688,1.25,3098088,3158362
1140963,1868247,3302343,3270719,2412369,2470451,29727063,18017746,0.25,7081488,4207596
1140963,1868247,3302343,3270719,2412369,2470451,29727063,18017746,0.5,4938055,3540908
1140963,1868247,3302343,3270719,2412369,2470451,29727063,18017746,0.75,3598204,3320753
1140963,1868247,3302343,3270719,2412369,2470451,29727063,18017746,1.0,3297327,3229342
1140963,1868247,3302343,3270719,2412369,2470451,29727063,18017746,1.25,3131301,3151487
1140963,1868247,3302343,3270719,2412369,2470451,10554228,6928745,0.25,3927924,3204479
1140963,1868247,3302343,3270719,2412369,2470451,10554228,6928745,0.5,3205455,3050742
1140963,1868247,3302343,3270719,2412369,2470451,10554228,6928745,0.75,2857561,3076750
1140963,1868247,3302343,3270719,2412369,2470451,10554228,6928745,1.0,2965995,3025196
1140963,1868247,3302343,3270719,2412369,2470451,10554228,6928745,1.25,2943288,3051117
1140963,1868247,3302343,3270719,2412369,2470451,22250537,18618781,0.25,6624821,4109545
1140963,1868247,3302343,3270719,2412369,2470451,22250537,18618781,0.5,4564934,3489904
1140963,1868247,3302343,3270719,2412369,2470451,22250537,18618781,0.75,3448642,3270767
1140963,1868247,3302343,3270719,2412369,2470451,22250537,18618781,1.0,3484096,3239471
1140963,1868247,3302343,3270719,2412369,2470451,22250537,18618781,1.25,3115674,3159917
1140963,1868247,3302343,3270719,2412369,2470451,13004594,8898058,0.25,4543872,3370219
1140963,1868247,3302343,3270719,2412369,2470451,13004594,8898058,0.5,3655829,3205899
1140963,1868247,3302343,3270719,2412369,2470451,13004594,8898058,0.75,2981421,3141003
1140963,1868247,3302343,3270719,2412369,2470451,13004594,8898058,1.0,2972584,3080501
1140963,1868247,3302343,3270719,2412369,2470451,13004594,8898058,1.25,3002086,3069493
1140963,1868247,3302343,3270719,2412369,2470451,21498968,13605728,0.25,6254899,3822305
1140963,1868247,3302343,3270719,2412369,2470451,21498968,13605728,0.5,4067751,3407353
1140963,1868247,3302343,3270719,2412369,2470451,21498968,13605728,0.75,3153317,3229046
1140963,1868247,3302343,3270719,2412369,2470451,21498968,13605728,1.0,3094644,3167045
1140963,1868247,3302343,3270719,2412369,2470451,21498968,13605728,1.25,3026965,3140451
1140963,1868247,3302343,3270719,2412369,2470451,4089140,3993404,0.25,2962855,2810117
1140963,1868247,3302343,3270719,2412369,2470451,4089140,3993404,0.5,2778969,2820035
1140963,1868247,3302343,3270719,2412369,2470451,4089140,3993404,0.75,2664007,2856356
1140963,1868247,3302343,3270719,2412369,2470451,4089140,3993404,1.0,2851802,2964733
1140963,1868247,3302343,3270719,2412369,2470451,4089140,3993404,1.25,2842483,2959365
1140963,1868247,3302343,3270719,2412369,2470451,24508868,13610323,0.25,6322395,3922849
1140963,1868247,3302343,3270719,2412369,2470451,24508868,13610323,0.5,4112764,3455085
1140963,1868247,3302343,3270719,2412369,2470451,24508868,13610323,0.75,3667197,3257458
1140963,1868247,3302343,3270719,2412369,2470451,24508868,13610323,1.0,2876024,3198045
1140963,1868247,3302343,3270719,2412369,2470451,24508868,13610323,1.25,3121252,3152378
1140963,1868247,3302343,3270719,2412369,2470451,4836110,4086424,0.25,3045772,2871087
1140963,1868247,3302343,3270719,2412369,2470451,4836110,4086424,0.5,2618621,2897032
1140963,1868247,3302343,3270719,2412369,2470451,4836110,4086424,0.75,2682211,2965480
1140963,1868247,3302343,3270719,2412369,2470451,4836110,4086424,1.0,2714945,3074930
1140963,1868247,3302343,3270719,2412369,2470451,4836110,4086424,1.25,2842750,3064818
1140963,1868247,3302343,3270719,2412369,2470451,23403771,15695302,0.25,7077417,4065127
1140963,1868247,3302343,3270719,2412369,2470451,23403771,15695302,0.5,4551879,3448543
1140963,1868247,3302343,3270719,2412369,2470451,23403771,15695302,0.75,3208758,3293506
1140963,1868247,3302343,3270719,2412369,2470451,23403771,15695302,1.0,3279268,3226764
1140963,1868247,3302343,3270719,2412369,2470451,23403771,15695302,1.25,3127808,3189802
1140963,1868247,3302343,3270719,2412369,2470451,22489913,15960955,0.25,6415705,3989732
1140963,1868247,3302343,3270719,2412369,2470451,22489913,15960955,0.5,4347679,3513326
1140963,1868247,3302343,3270719,2412369,2470451,22489913,15960955,0.75,3346920,3281306
1140963,1868247,3302343,3270719,2412369,2470451,22489913,15960955,1.0,3152448,3289872
1140963,1868247,3302343,3270719,2412369,2470451,22489913,15960955,1.25,3056452,3164370
1140963,1868247,3302343,3270719,2412369,2470451,19589568,12538295,0.25,6068270,3828876
1140963,1868247,3302343,3270719,2412369,2470451,19589568,12538295,0.5,3951927,3382905
1140963,1868247,3302343,3270719,2412369,2470451,19589568,12538295,0.75,3226731,3266262
1140963,1868247,3302343,3270719,2412369,2470451,19589568,12538295,1.0,3422297,3228561
1140963,1868247,3302343,3270719,2412369,2470451,19589568,12538295,1.25,3117302,3188515
1140963,1868247,3302343,3270719,2412369,2470451,6074671,4904671,0.25,3234152,3016467
1140963,1868247,3302343,3270719,2412369,2470451,6074671,4904671,0.5,3000697,2932247
1140963,1868247,3302343,3270719,2412369,2470451,6074671,4904671,0.75,2730091,2950806
1140963,1868247,3302343,3270719,2412369,2470451,6074671,4904671,1.0,2852131,3016744
1140963,1868247,3302343,3270719,2412369,2470451,6074671,4904671,1.25,2891290,3078120
1140963,1868247,3302343,3270719,2412369,2470451,2589348,3353808,0.25,2694520,2768953
1140963,1868247,3302343,3270719,2412369,2470451,2589348,3353808,0.5,2470075,2824034
1140963,1868247,3302343,3270719,2412369,2470451,2589348,3353808,0.75,2663135,2832952
1140963,1868247,3302343,3270719,2412369,2470451,2589348,3353808,1.0,2660907,2875636
1140963,1868247,3302343,3270719,2412369,2470451,2589348,3353808,1.25,2779480,2966131
1140963,1868247,3302343,3270719,2412369,2470451,9718033,6660228,0.25,3970147,3194541
1140963,1868247,3302343,3270719,2412369,2470451,9718033,6660228,0.5,3111969,3108774
1140963,1868247,3302343,3270719,2412369,2470451,9718033,6660228,0.75,2980060,3040992
1140963,1868247,3302343,3270719,2412369,2470451,9718033,6660228,1.0,2946017,3046809
1140963,1868247,3302343,3270719,2412369,2470451,9718033,6660228,1.25,2894306,3043601
1140963,1868247,3302343,3270719,2412369,2470451,7059752,5133743,0.25,3123295,2972029
1140963,1868247,3302343,3270719,2412369,2470451,7059752,5133743,0.5,2985804,2957213
1140963,1868247,3302343,3270719,2412369,2470451,7059752,5133743,0.75,2921913,2973084
1140963,1868247,3302343,3270719,2412369,2470451,7059752,5133743,1.0,2721095,2999828
1140963,1868247,3302343,3270719,2412369,2470451,7059752,5133743,1.25,2896455,3063718
1140963,1868247,3302343,3270719,2412369,2470451,21433538,13376365,0.25,6000695,3852528
1140963,1868247,3302343,3270719,2412369,2470451,21433538,13376365,0.5,4113690,3397531
1140963,1868247,3302343,3270719,2412369,2470451,21433538,13376365,0.75,3321671,3249972
1140963,1868247,3302343,3270719,2412369,2470451,21433538,13376365,1.0,3116327,3200375
1140963,1868247,3302343,3270719,2412369,2470451,21433538,13376365,1.25,3069260,3144091
1140963,1868247,3302343,3270719,2412369,2470451,1677818,2737055,0.25,2339231,2585881
1140963,1868247,3302343,3270719,2412369,2470451,1677818,2737055,0.5,2234025,2674622
1140963,1868247,3302343,3270719,2412369,2470451,1677818,2737055,0.75,2302548,2762256
1140963,1868247,3302343,3270719,2412369,2470451,1677818,2737055,1.0,2661755,2865286
1140963,1868247,3302343,3270719,2412369,2470451,1677818,2737055,1.25,2709848,2919855
1140963,1868247,3302343,3270719,2412369,2470451,17538826,13080663,0.25,5475502,3717976
1140963,1868247,3302343,3270719,2412369,2470451,17538826,13080663,0.5,3936474,3435749
1140963,1868247,3302343,3270719,2412369,2470451,17538826,13080663,0.75,3210212,3245164
1140963,1868247,3302343,3270719,2412369,2470451,17538826,13080663,1.0,3163654,3191715
1140963,1868247,3302343,3270719,2412369,2470451,17538826,13080663,1.25,3084545,3113341
1140963,1868247,3302343,3270719,2412369,2470451,3260137,3656341,0.25,2851493,2874306
1140963,1868247,3302343,3270719,2412369,2470451,3260137,3656341,0.5,2655895,2923964
1140963,1868247,3302343,3270719,2412369,2470451,3260137,3656341,0.75,2682340,2929589
1140963,1868247,3302343,3270719,2412369,2470451,3260137,3656341,1.0,2690946,2931831
1140963,1868247,3302343,3270719,2412369,2470451,3260137,3656341,1.25,2768144,3014433
1140963,1868247,3302343,3270719,2412369,2470451,6616078,5501794,0.25,3237179,3006902
1140963,1868247,3302343,3270719,2412369,2470451,6616078,5501794,0.5,2853051,2947824
1140963,1868247,3302343,3270719,2412369,2470451,6616078,5501794,0.75,2773299,2920002
1140963,1868247,3302343,3270719,2412369,2470451,6616078,5501794,1.0,2856626,2986295
1140963,1868247,3302343,3270719,2412369,2470451,6616078,5501794,1.25,2883519,3022500
1140963,1868247,3302343,3270719,2412369,2470451,22726721,13604089,0.25,6351894,3899726
1140963,1868247,3302343,3270719,2412369,2470451,22726721,13604089,0.5,4313586,3498035
1140963,1868247,3302343,3270719,2412369,2470451,22726721,13604089,0.75,3226766,3291614
1140963,1868247,3302343,3270719,2412369,2470451,22726721,13604089,1.0,3277366,3341547
1140963,1868247,3302343,3270719,2412369,2470451,22726721,13604089,1.25,3098292,3187471
1140963,1868247,3302343,3270719,2412369,2470451,24743115,14163970,0.25,6492009,3923995
1140963,1868247,3302343,3270719,2412369,2470451,24743115,14163970,0.5,4409485,3369553
1140963,1868247,3302343,3270719,2412369,2470451,24743115,14163970,0.75,3209574,3280335
1140963,1868247,3302343,3270719,2412369,2470451,24743115,14163970,1.0,2902467,3208495
1140963,1868247,3302343,3270719,2412369,2470451,24743115,14163970,1.25,3063389,3144394
1140963,1868247,3302343,3270719,2412369,2470451,10766508,7738939,0.25,4282833,3296705
1140963,1868247,3302343,3270719,2412369,2470451,10766508,7738939,0.5,3196692,3054960
1140963,1868247,3302343,3270719,2412369,2470451,10766508,7738939,0.75,2913815,3038934
1140963,1868247,3302343,3270719,2412369,2470451,10766508,7738939,1.0,2715845,3030326
1140963,1868247,3302343,3270719,2412369,2470451,10766508,7738939,1.25,2844516,3064465
1140963,1868247,3302343,3270719,2412369,2470451,26426585,15641111,0.25,7423432,4034428
1140963,1868247,3302343,3270719,2412369,2470451,26426585,15641111,0.5,5049408,3487130
1140963,1868247,3302343,3270719,2412369,2470451,26426585,15641111,0.75,3226323,3348083
1140963,1868247,3302343,3270719,2412369,2470451,26426585,15641111,1.0,3466970,3278799
1140963,1868247,3302343,3270719,2412369,2470451,26426585,15641111,1.25,3128267,3160339
1140963,1868247,3302343,3270719,2412369,2470451,27001635,15140241,0.25,6663923,4075032
1140963,1868247,3302343,3270719,2412369,2470451,27001635,15140241,0.5,4750511,3552794
1140963,1868247,3302343,3270719,2412369,2470451,27001635,15140241,0.75,3286918,3423114
1140963,1868247,3302343,3270719,2412369,2470451,27001635,15140241,1.0,3274892,3254275
1140963,1868247,3302343,3270719,2412369,2470451,27001635,15140241,1.25,3127426,3270128
1140963,1868247,3302343,3270719,2412369,2470451,95837,1923375,0.25,1926267,2375434
1140963,1868247,3302343,3270719,2412369,2470451,95837,1923375,0.5,2009805,2502675
1140963,1868247,3302343,3270719,2412369,2470451,95837,1923375,0.75,2101440,2641778
1140963,1868247,3302343,3270719,2412369,2470451,95837,1923375,1.0,2418655,2746156
1140963,1868247,3302343,3270719,2412369,2470451,95837,1923375,1.25,2585845,2773964
1140963,1868247,3302343,3270719,2412369,2470451,5612968,4658239,0.25,3131615,2954854
1140963,1868247,3302343,3270719,2412369,2470451,5612968,4658239,0.5,2788532,2916790
1140963,1868247,3302343,3270719,2412369,2470451,5612968,4658239,0.75,2746594,2964851
1140963,1868247,3302343,3270719,2412369,2470451,5612968,4658239,1.0,2882332,3019382
1140963,1868247,3302343,3270719,2412369,2470451,5612968,4658239,1.25,2848815,3112250
1140963,1868247,3302343,3270719,2412369,2470451,20694259,11455519,0.25,5783868,3780674
1140963,1868247,3302343,3270719,2412369,2470451,20694259,11455519,0.5,4016731,3333570
1140963,1868247,3302343,3270719,2412369,2470451,20694259,11455519,0.75,3298893,3281729
1140963,1868247,3302343,3270719,2412369,2470451,20694259,11455519,1.0,3171171,3186460
1140963,1868247,3302343,3270719,2412369,2470451,20694259,11455519,1.25,3049362,3125844
1140963,1868247,3302343,3270719,2412369,2470451,2754655,3317950,0.25,2597278,2729639
1140963,1868247,3302343,3270719,2412369,2470451,2754655,3317950,0.5,2497390,2737328
1140963,1868247,3302343,3270719,2412369,2470451,2754655,3317950,0.75,2634545,2874691
1140963,1868247,3302343,3270719,2412369,2470451,2754655,3317950,1.0,2835037,2937925
1140963,1868247,3302343,3270719,2412369,2470451,2754655,3317950,1.25,2796136,2981041
1140963,1868247,3302343,3270719,2412369,2470451,25015190,13464395,0.25,6541657,3916552
1140963,1868247,3302343,3270719,2412369,2470451,25015190,13464395,0.5,4008493,3449107
1140963,1868247,3302343,3270719,2412369,2470451,25015190,13464395,0.75,3191917,3239813
1140963,1868247,3302343,3270719,2412369,2470451,25015190,13464395,1.0,3236332,3224444
1140963,1868247,3302343,3270719,2412369,2470451,25015190,13464395,1.25,3108188,3164078
1140963,1868247,3302343,3270719,2412369,2470451,21708532,13210857,0.25,6262967,3904133
1140963,1868247,3302343,3270719,2412369,2470451,21708532,13210857,0.5,4377211,3361743
1140963,1868247,3302343,3270719,2412369,2470451,21708532,13210857,0.75,3315389,3278424
1140963,1868247,3302343,3270719,2412369,2470451,21708532,13210857,1.0,3095088,3175931
1140963,1868247,3302343,3270719,2412369,2470451,21708532,13210857,1.25,3062389,3184842
1140963,1868247,3302343,3270719,2412369,2470451,22952670,15038816,0.25,6572568,4029696
1140963,1868247,3302343,3270719,2412369,2470451,22952670,15038816,0.5,4261053,3454100
1140963,1868247,3302343,3270719,2412369,2470451,22952670,15038816,0.75,3241694,3277353
1140963,1868247,3302343,3270719,2412369,2470451,22952670,15038816,1.0,3213244,3215379
1140963,1868247,3302343,3270719,2412369,2470451,22952670,15038816,1.25,3130426,3170224
1140963,1868247,3302343,3270719,2412369,2470451,11174361,8024251,0.25,4184773,3391632
1140963,1868247,3302343,3270719,2412369,2470451,11174361,8024251,0.5,3448106,3146103
1140963,1868247,3302343,3270719,2412369,2470451,11174361,8024251,0.75,2963737,3050227
1140963,1868247,3302343,3270719,2412369,2470451,11174361,8024251,1.0,3095495,3064922
1140963,1868247,3302343,3270719,2412369,2470451,11174361,8024251,1.25,3006978,3083480
1140963,1868247,3302343,3270719,2412369,2470451,22632955,13093584,0.25,6367418,3856964
1140963,1868247,3302343,3270719,2412369,2470451,22632955,13093584,0.5,3957917,3421715
1140963,1868247,3302343,3270719,2412369,2470451,22632955,13093584,0.75,3500071,3239958
1140963,1868247,3302343,3270719,2412369,2470451,22632955,13093584,1.0,3200629,3182074
1140963,1868247,3302343,3270719,2412369,2470451,22632955,13093584,1.25,3162893,3135541
1140963,1868247,3302343,3270719,2412369,2470451,1790968,2871162,0.25,2334866,2636289
1140963,1868247,3302343,3270719,2412369,2470451,1790968,2871162,0.5,2306240,2664309
1140963,1868247,3302343,3270719,2412369,2470451,1790968,2871162,0.75,2379783,2818104
1140963,1868247,3302343,3270719,2412369,2470451,1790968,2871162,1.0,2641243,2822927
1140963,1868247,3302343,3270719,2412369,2470451,1790968,2871162,1.25,2699958,2898632
1140963,1868247,3302343,3270719,2412369,2470451,5200060,4246386,0.25,3187900,2924163
1140963,1868247,3302343,3270719,2412369,2470451,5200060,4246386,0.5,2782745,2898210
1140963,1868247,3302343,3270719,2412369,2470451,5200060,4246386,0.75,2714691,2951104
1140963,1868247,3302343,3270719,2412369,2470451,5200060,4246386,1.0,2894944,3012979
1140963,1868247,3302343,3270719,2412369,2470451,5200060,4246386,1.25,2887180,3097314
1140963,1868247,3302343,3270719,2412369,2470451,7463371,5020401,0.25,3333657,3008550
1140963,1868247,3302343,3270719,2412369,2470451,7463371,5020401,0.5,2875660,2908647
1140963,1868247,3302343,3270719,2412369,2470451,7463371,5020401,0.75,2793753,2995501
1140963,1868247,3302343,3270719,2412369,2470451,7463371,5020401,1.0,2773078,3010457
1140963,1868247,3302343,3270719,2412369,2470451,7463371,5020401,1.25,2897175,3102592
1140963,1868247,3302343,3270719,2412369,2470451,26034772,13859631,0.25,6214385,4120242
1140963,1868247,3302343,3270719,2412369,2470451,26034772,13859631,0.5,4300826,3520225
1140963,1868247,3302343,3270719,2412369,2470451,26034772,13859631,0.75,3846705,3318524
1140963,1868247,3302343,3270719,2412369,2470451,26034772,13859631,1.0,2997943,3246461
1140963,1868247,3302343,3270719,2412369,2470451,26034772,13859631,1.25,3139880,3193613
1140963,1868247,3302343,3270719,2412369,2470451,22364102,12574298,0.25,6422618,3903200
1140963,1868247,3302343,3270719,2412369,2470451,22364102,12574298,0.5,4168159,3379055
1140963,1868247,3302343,3270719,2412369,2470451,22364102,12574298,0.75,3298527,3304560
1140963,1868247,3302343,3270719,2412369,2470451,22364102,12574298,1.0,3162420,3245166
1140963,1868247,3302343,3270719,2412369,2470451,22364102,12574298,1.25,3115147,3135029
1140963,1868247,3302343,3270719,2412369,2470451,2901774,3426643,0.25,2662628,2780566
1140963,1868247,3302343,3270719,2412369,2470451,2901774,3426643,0.5,2629389,2773903
1140963,1868247,3302343,3270719,2412369,2470451,2901774,3426643,0.75,2597298,2846738
1140963,1868247,3302343,3270719,2412369,2470451,2901774,3426643,1.0,2766830,2923741
1140963,1868247,3302343,3270719,2412369,2470451,2901774,3426643,1.25,2786319,2954481
1140963,1868247,3302343,3270719,2412369,2470451,904237,2336040,0.25,2028151,2448880
1140963,1868247,3302343,3270719,2412369,2470451,904237,2336040,0.5,2075498,2554370
1140963,1868247,3302343,3270719,2412369,2470451,904237,2336040,0.75,2198803,2691031
1140963,1868247,3302343,3270719,2412369,2470451,904237,2336040,1.0,2499038,2777727
1140963,1868247,3302343,3270719,2412369,2470451,904237,2336040,1.25,2632889,2827662
1140963,1868247,3302343,3270719,2412369,2470451,10994541,7580725,0.25,4248117,3338266
1140963,1868247,3302343,3270719,2412369,2470451,10994541,7580725,0.5,3249405,3107824
1140963,1868247,3302343,3270719,2412369,2470451,10994541,7580725,0.75,2902204,3113043
1140963,1868247,3302343,3270719,2412369,2470451,10994541,7580725,1.0,2790972,3079263
1140963,1868247,3302343,3270719,2412369,2470451,10994541,7580725,1.25,2948457,3088520
1140963,1868247,3302343,3270719,2412369,2470451,20592421,12052849,0.25,5848390,3815051
1140963,1868247,3302343,3270719,2412369,2470451,20592421,12052849,0.5,4354262,3411573
1140963,1868247,3302343,3270719,2412369,2470451,20592421,12052849,0.75,3145393,3310405
1140963,1868247,3302343,3270719,2412369,2470451,20592421,12052849,1.0,3211495,3228632
1140963,1868247,3302343,3270719,2412369,2470451,20592421,12052849,1.25,3047965,3157349
1140963,1868247,3302343,3270719,2412369,2470451,11528909,7615849,0.25,4129074,3350532
1140963,1868247,3302343,3270719,2412369,2470451,11528909,7615849,0.5,3269569,3151003
1140963,1868247,3302343,3270719,2412369,2470451,11528909,7615849,0.75,2894716,3095424
1140963,1868247,3302343,3270719,2412369,2470451,11528909,7615849,1.0,3035341,3081872
1140963,1868247,3302343,3270719,2412369,2470451,11528909,7615849,1.25,2966599,3069884
1140963,1868247,3302343,3270719,2412369,2470451,20474428,11857264,0.25,5646507,3729663
1140963,1868247,3302343,3270719,2412369,2470451,20474428,11857264,0.5,3910177,3370059
1140963,1868247,3302343,3270719,2412369,2470451,20474428,11857264,0.75,3088955,3245338
1140963,1868247,3302343,3270719,2412369,2470451,20474428,11857264,1.0,3206176,3164460
1140963,1868247,3302343,3270719,2412369,2470451,20474428,11857264,1.25,3123739,3124936
1140963,1868247,3302343,3270719,2412369,2470451,21979994,14336060,0.25,5804515,3869324
1140963,1868247,3302343,3270719,2412369,2470451,21979994,14336060,0.5,4189667,3365437
1140963,1868247,3302343,3270719,2412369,2470451,21979994,14336060,0.75,3167534,3184353
1140963,1868247,3302343,3270719,2412369,2470451,21979994,14336060,1.0,3199235,3179132
1140963,1868247,3302343,3270719,2412369,2470451,21979994,14336060,1.25,3121981,3115669
1140963,1868247,3302343,3270719,2412369,2470451,11323232,8129895,0.25,4284503,3339035
1140963,1868247,3302343,3270719,2412369,2470451,11323232,8129895,0.5,3485918,3096779
1140963,1868247,3302343,3270719,2412369,2470451,11323232,8129895,0.75,2926330,3077185
1140963,1868247,3302343,3270719,2412369,2470451,11323232,8129895,1.0,3047788,3060914
1140963,1868247,3302343,3270719,2412369,2470451,11323232,8129895,1.25,2952456,3089087
1140963,1868247,3302343,3270719,2412369,2470451,2179695,3238490,0.25,2627337,2722402
1140963,1868247,3302343,3270719,2412369,2470451,2179695,3238490,0.5,2482651,2766935
1140963,1868247,3302343,3270719,2412369,2470451,2179695,3238490,0.75,2427460,2852834
1140963,1868247,3302343,3270719,2412369,2470451,2179695,3238490,1.0,2679405,2864793
1140963,1868247,3302343,3270719,2412369,2470451,2179695,3238490,1.25,2738424,2924435
1140963,1868247,3302343,3270719,2412369,2470451,15881637,11081008,0.25,5351939,3788025
1140963,1868247,3302343,3270719,2412369,2470451,15881637,11081008,0.5,4071336,3471468
1140963,1868247,3302343,3270719,2412369,2470451,15881637,11081008,0.75,3167206,3237802
1140963,1868247,3302343,3270719,2412369,2470451,15881637,11081008,1.0,2852560,3171765
1140963,1868247,3302343,3270719,2412369,2470451,15881637,11081008,1.25,3120578,3126937
1140963,1868247,3302343,3270719,2412369,2470451,23823572,14085750,0.25,6298587,3946959
1140963,1868247,3302343,3270719,2412369,2470451,23823572,14085750,0.5,4457429,3468301
1140963,1868247,3302343,3270719,2412369,2470451,23823572,14085750,0.75,3225670,3329762
1140963,1868247,3302343,3270719,2412369,2470451,23823572,14085750,1.0,3182416,3226576
1140963,1868247,3302343,3270719,2412369,2470451,23823572,14085750,1.25,3077736,3147017
1140963,1868247,3302343,3270719,2412369,2470451,20975644,12086319,0.25,5833809,3873233
1140963,1868247,3302343,3270719,2412369,2470451,20975644,12086319,0.5,3950422,3371480
1140963,1868247,3302343,3270719,2412369,2470451,20975644,12086319,0.75,3394242,3281417
1140963,1868247,3302343,3270719,2412369,2470451,20975644,12086319,1.0,3221527,3195611
1140963,1868247,3302343,3270719,2412369,2470451,20975644,12086319,1.25,3142254,3086891
1140963,1868247,3302343,3270719,2412369,2470451,10442285,7407367,0.25,4289919,3444343
1140963,1868247,3302343,3270719,2412369,2470451,10442285,7407367,0.5,3279086,3032842
1140963,1868247,3302343,3270719,2412369,2470451,10442285,7407367,0.75,2913300,3048392
1140963,1868247,3302343,3270719,2412369,2470451,10442285,7407367,1.0,2859908,3019182
1140963,1868247,3302343,3270719,2412369,2470451,10442285,7407367,1.25,2915757,3055901
1140963,1868247,3302343,3270719,2412369,2470451,8831705,6383454,0.25,3779777,3165169
1140963,1868247,3302343,3270719,2412369,2470451,8831705,6383454,0.5,3212217,3019139
1140963,1868247,3302343,3270719,2412369,2470451,8831705,6383454,0.75,2784305,2995154
1140963,1868247,3302343,3270719,2412369,2470451,8831705,6383454,1.0,2865291,3036635
1140963,1868247,3302343,3270719,2412369,2470451,8831705,6383454,1.25,2945631,3053512
1140963,1868247,3302343,3270719,2412369,2470451,23300757,13525068,0.25,6547191,3999557
1140963,1868247,3302343,3270719,2412369,2470451,23300757,13525068,0.5,4531620,3399718
1140963,1868247,3302343,3270719,2412369,2470451,23300757,13525068,0.75,3386772,3275649
1140963,1868247,3302343,3270719,2412369,2470451,23300757,13525068,1.0,3173731,3197992
1140963,1868247,3302343,3270719,2412369,2470451,23300757,13525068,1.25,3044788,3172421
1140963,1868247,3302343,3270719,2412369,2470451,0,1862121,0.25,1895722,2351456
1140963,1868247,3302343,3270719,2412369,2470451,0,1862121,0.5,1952291,2489571
1140963,1868247,3302343,3270719,2412369,2470451,0,1862121,0.75,2142929,2637081
1140963,1868247,3302343,3270719,2412369,2470451,0,1862121,1.0,2469155,2746429
1140963,1868247,3302343,3270719,2412369,2470451,0,1862121,1.25,2592215,2791205
1140963,1868247,3302343,3270719,2412369,2470451,24137793,13089154,0.25,6266522,3869628
1140963,1868247,3302343,3270719,2412369,2470451,24137793,13089154,0.5,4565185,3470026
1140963,1868247,3302343,3270719,2412369,2470451,24137793,13089154,0.75,3513297,3269937
1140963,1868247,3302343,3270719,2412369,2470451,24137793,13089154,1.0,3288245,3242193
1140963,1868247,3302343,3270719,2412369,2470451,24137793,13089154,1.25,3087066,3157668
1140963,1868247,3302343,3270719,2412369,2470451,9203465,6939744,0.25,3883265,3134275
1140963,1868247,3302343,3270719,2412369,2470451,9203465,6939744,0.5,3224393,3007877
1140963,1868247,3302343,3270719,2412369,2470451,9203465,6939744,0.75,2894711,3019010
1140963,1868247,3302343,3270719,2412369,2470451,9203465,6939744,1.0,2952137,3048416
1140963,1868247,3302343,3270719,2412369,2470451,9203465,6939744,1.25,2895159,3088211
1140963,1868247,3302343,3270719,2412369,2470451,9627308,7237198,0.25,3980939,3235012
1140963,1868247,3302343,3270719,2412369,2470451,9627308,7237198,0.5,3164733,3106928
1140963,1868247,3302343,3270719,2412369,2470451,9627308,7237198,0.75,2932381,3062740
1140963,1868247,3302343,3270719,2412369,2470451,9627308,7237198,1.0,3037440,3067511
1140963,1868247,3302343,3270719,2412369,2470451,9627308,7237198,1.25,2943608,3043008
1140963,1868247,3302343,3270719,2412369,2470451,10302885,6699981,0.25,4396356,3282477
1140963,1868247,3302343,3270719,2412369,2470451,10302885,6699981,0.5,3403827,3089835
1140963,1868247,3302343,3270719,2412369,2470451,10302885,6699981,0.75,3020508,3063325
1140963,1868247,3302343,3270719,2412369,2470451,10302885,6699981,1.0,2924464,3061870
1140963,1868247,3302343,3270719,2412369,2470451,10302885,6699981,1.25,2966854,3037257
1140963,1868247,3302343,3270719,2412369,2470451,3391284,3667856,0.25,2907284,2798661
1140963,1868247,3302343,3270719,2412369,2470451,3391284,3667856,0.5,2592079,2824365
1140963,1868247,3302343,3270719,2412369,2470451,3391284,3667856,0.75,2577305,2869925
1140963,1868247,3302343,3270719,2412369,2470451,3391284,3667856,1.0,2803193,2961868
1140963,1868247,3302343,3270719,2412369,2470451,3391284,3667856,1.25,2867251,2996194
1140963,1868247,3302343,3270719,2412369,2470451,1479492,2613031,0.25,2249178,2621918
1140963,1868247,3302343,3270719,2412369,2470451,1479492,2613031,0.5,2241890,2649707
1140963,1868247,3302343,3270719,2412369,2470451,1479492,2613031,0.75,2295438,2769249
1140963,1868247,3302343,3270719,2412369,2470451,1479492,2613031,1.0,2634027,2851501
1140963,1868247,3302343,3270719,2412369,2470451,1479492,2613031,1.25,2704003,2903421
1140963,1868247,3302343,3270719,2412369,2470451,2260651,3217715,0.25,2618430,2745728
1140963,1868247,3302343,3270719,2412369,2470451,2260651,3217715,0.5,2471178,2738522
1140963,1868247,3302343,3270719,2412369,2470451,2260651,3217715,0.75,2503812,2841745
1140963,1868247,3302343,3270719,2412369,2470451,2260651,3217715,1.0,2744838,2911991
1140963,1868247,3302343,3270719,2412369,2470451,2260651,3217715,1.25,2762695,2923188
1140963,1868247,3302343,3270719,2412369,2470451,21593716,14130610,0.25,6633706,3892729
1140963,1868247,3302343,3270719,2412369,2470451,21593716,14130610,0.5,3986499,3386273
1140963,1868247,3302343,3270719,2412369,2470451,21593716,14130610,0.75,3195322,3218907
1140963,1868247,3302343,3270719,2412369,2470451,21593716,14130610,1.0,3110590,3206683
1140963,1868247,3302343,3270719,2412369,2470451,21593716,14130610,1.25,3062357,3163176
1140963,1868247,3302343,3270719,2412369,2470451,140046,1922032,0.25,1918067,2370160
1140963,1868247,3302343,3270719,2412369,2470451,140046,1922032,0.5,2009723,2498882
1140963,1868247,3302343,3270719,2412369,2470451,140046,1922032,0.75,2141922,2637726
1140963,1868247,3302343,3270719,2412369,2470451,140046,1922032,1.0,2248567,2746215
1140963,1868247,3302343,3270719,2412369,2470451,140046,1922032,1.25,2596268,2771912
1140963,1868247,3302343,3270719,2412369,2470451,28088667,19358493,0.25,6998513,4127581
1140963,1868247,3302343,3270719,2412369,2470451,28088667,19358493,0.5,4896754,3536370
1140963,1868247,3302343,3270719,2412369,2470451,28088667,19358493,0.75,3392539,3323789
1140963,1868247,3302343,3270719,2412369,2470451,28088667,19358493,1.0,3602910,3230689
1140963,1868247,3302343,3270719,2412369,2470451,28088667,19358493,1.25,3119532,3183601
1140963,1868247,3302343,3270719,2412369,2470451,9425235,6755712,0.25,3700103,3164066
1140963,1868247,3302343,3270719,2412369,2470451,9425235,6755712,0.5,3244739,3076030
1140963,1868247,3302343,3270719,2412369,2470451,9425235,6755712,0.75,2798381,2979938
1140963,1868247,3302343,3270719,2412369,2470451,9425235,6755712,1.0,2885147,3051359
1140963,1868247,3302343,3270719,2412369,2470451,9425235,6755712,1.25,2863719,3054860
1140963,1868247,3302343,3270719,2412369,2470451,18754721,11217414,0.25,5658145,3757716
1140963,1868247,3302343,3270719,2412369,2470451,18754721,11217414,0.5,4302848,3420327
1140963,1868247,3302343,3270719,2412369,2470451,18754721,11217414,0.75,3317575,3275048
1140963,1868247,3302343,3270719,2412369,2470451,18754721,11217414,1.0,3141113,3186241
1140963,1868247,3302343,3270719,2412369,2470451,18754721,11217414,1.25,3111531,3173571
1140963,1868247,3302343,3270719,2412369,2470451,24631901,14224162,0.25,6138770,3969321
1140963,1868247,3302343,3270719,2412369,2470451,24631901,14224162,0.5,4166257,3432261
1140963,1868247,3302343,3270719,2412369,2470451,24631901,14224162,0.75,3209473,3291314
1140963,1868247,3302343,3270719,2412369,2470451,24631901,14224162,1.0,3226454,3170403
1140963,1868247,3302343,3270719,2412369,2470451,24631901,14224162,1.25,3079221,3146258
1140963,1868247,3302343,3270719,2412369,2470451,18431547,11413813,0.25,5212323,3734667
1140963,1868247,3302343,3270719,2412369,2470451,18431547,11413813,0.5,4048612,3394166
1140963,1868247,3302343,3270719,2412369,2470451,18431547,11413813,0.75,3305292,3249325
1140963,1868247,3302343,3270719,2412369,2470451,18431547,11413813,1.0,3074602,3208897
1140963,1868247,3302343,3270719,2412369,2470451,18431547,11413813,1.25,3044024,3137371
1140963,1868247,3302343,3270719,2412369,2470451,11860344,8199392,0.25,4247681,3319421
1140963,1868247,3302343,3270719,2412369,2470451,11860344,8199392,0.5,3293163,3152975
1140963,1868247,3302343,3270719,2412369,2470451,11860344,8199392,0.75,2938719,3088357
1140963,1868247,3302343,3270719,2412369,2470451,11860344,8199392,1.0,2971537,3104843
1140963,1868247,3302343,3270719,2412369,2470451,11860344,8199392,1.25,2931473,3057799
1140963,1868247,3302343,3270719,2412369,2470451,2479255,3309138,0.25,2647690,2725452
1140963,1868247,3302343,3270719,2412369,2470451,2479255,3309138,0.5,2515408,2768367
1140963,1868247,3302343,3270719,2412369,2470451,2479255,3309138,0.75,2504770,2898709
1140963,1868247,3302343,3270719,2412369,2470451,2479255,3309138,1.0,2668179,2886436
1140963,1868247,3302343,3270719,2412369,2470451,2479255,3309138,1.25,2764773,2939846
1140963,1868247,3302343,3270719,2412369,2470451,1227300,2475358,0.25,2167735,2527419
1140963,1868247,3302343,3270719,2412369,2470451,1227300,2475358,0.5,2224026,2604576
1140963,1868247,3302343,3270719,2412369,2470451,1227300,2475358,0.75,2249974,2726813
1140963,1868247,3302343,3270719,2412369,2470451,1227300,2475358,1.0,2527679,2811539
1140963,1868247,3302343,3270719,2412369,2470451,1227300,2475358,1.25,2650087,2826823
1140963,1868247,3302343,3270719,2412369,2470451,10883062,7832305,0.25,4320272,3272053
1140963,1868247,3302343,3270719,2412369,2470451,10883062,7832305,0.5,3271017,3065544
1140963,1868247,3302343,3270719,2412369,2470451,10883062,7832305,0.75,2876737,3055352
1140963,1868247,3302343,3270719,2412369,2470451,10883062,7832305,1.0,3088031,3051662
1140963,1868247,3302343,3270719,2412369,2470451,10883062,7832305,1.25,3018618,3075495
1140963,1868247,3302343,3270719,2412369,2470451,27198330,15912311,0.25,7034190,4181595
1140963,1868247,3302343,3270719,2412369,2470451,27198330,15912311,0.5,4574045,3515169
1140963,1868247,3302343,3270719,2412369,2470451,27198330,15912311,0.75,3335085,3363723
1140963,1868247,3302343,3270719,2412369,2470451,27198330,15912311,1.0,2872918,3258116
1140963,1868247,3302343,3270719,2412369,2470451,27198330,15912311,1.25,3158425,3145926
1140963,1868247,3302343,3270719,2412369,2470451,2068608,2836206,0.25,2407503,2665162
1140963,1868247,3302343,3270719,2412369,2470451,2068608,2836206,0.5,2423660,2688111
1140963,1868247,3302343,3270719,2412369,2470451,2068608,2836206,0.75,2502316,2803890
1140963,1868247,3302343,3270719,2412369,2470451,2068608,2836206,1.0,2622282,2864747
1140963,1868247,3302343,3270719,2412369,2470451,2068608,2836206,1.25,2741968,2919573
1140963,1868247,3302343,3270719,2412369,2470451,16327171,9913280,0.25,5192170,3667916
1140963,1868247,3302343,3270719,2412369,2470451,16327171,9913280,0.5,3728334,3364983
1140963,1868247,3302343,3270719,2412369,2470451,16327171,9913280,0.75,3358705,3225652
1140963,1868247,3302343,3270719,2412369,2470451,16327171,9913280,1.0,3180380,3250282
1140963,1868247,3302343,3270719,2412369,2470451,16327171,9913280,1.25,3038096,3156608
