mst,tour,Blocking,hDFS,NN,DFS,eta,pTour,param,Robust_pTour
875309,1384733,2457796,2594714,1853967,1834437,0,1378181,0.25,1408391
875309,1384733,2457796,2594714,1853967,1834437,0,1378181,0.5,1465030
875309,1384733,2457796,2594714,1853967,1834437,0,1378181,0.75,1572199
875309,1384733,2457796,2594714,1853967,1834437,0,1378181,1.0,1837524
875309,1384733,2457796,2594714,1853967,1834437,0,1378181,1.25,1938007
875309,1384733,2457796,2594714,1853967,1834437,34188,1389842,0.25,1417131
875309,1384733,2457796,2594714,1853967,1834437,34188,1389842,0.5,1481343
875309,1384733,2457796,2594714,1853967,1834437,34188,1389842,0.75,1630460
875309,1384733,2457796,2594714,1853967,1834437,34188,1389842,1.0,1835269
875309,1384733,2457796,2594714,1853967,1834437,34188,1389842,1.25,1969407
875309,1384733,2457796,2594714,1853967,1834437,84258,1407415,0.25,1420600
875309,1384733,2457796,2594714,1853967,1834437,84258,1407415,0.5,1487100
875309,1384733,2457796,2594714,1853967,1834437,84258,1407415,0.75,1638639
875309,1384733,2457796,2594714,1853967,1834437,84258,1407415,1.0,1868619
875309,1384733,2457796,2594714,1853967,1834437,84258,1407415,1.25,1991652
875309,1384733,2457796,2594714,1853967,1834437,160002,1437089,0.25,1448237
875309,1384733,2457796,2594714,1853967,1834437,160002,1437089,0.5,1521856
875309,1384733,2457796,2594714,1853967,1834437,160002,1437089,0.75,1654278
875309,1384733,2457796,2594714,1853967,1834437,160002,1437089,1.0,1896384
875309,1384733,2457796,2594714,1853967,1834437,160002,1437089,1.25,1949019
875309,1384733,2457796,2594714,1853967,1834437,256455,1481782,0.25,1487893
875309,1384733,2457796,2594714,1853967,1834437,256455,1481782,0.5,1506631
875309,1384733,2457796,2594714,1853967,1834437,256455,1481782,0.75,1692065
875309,1384733,2457796,2594714,1853967,1834437,256455,1481782,1.0,1900032
875309,1384733,2457796,2594714,1853967,1834437,256455,1481782,1.25,1924944
875309,1384733,2457796,2594714,1853967,1834437,390222,1561290,0.25,1527760
875309,1384733,2457796,2594714,1853967,1834437,390222,1561290,0.5,1600166
875309,1384733,2457796,2594714,1853967,1834437,390222,1561290,0.75,1700640
875309,1384733,2457796,2594714,1853967,1834437,390222,1561290,1.0,1914706
875309,1384733,2457796,2594714,1853967,1834437,390222,1561290,1.25,2034657
875309,1384733,2457796,2594714,1853967,1834437,485665,1564340,0.25,1531823
875309,1384733,2457796,2594714,1853967,1834437,485665,1564340,0.5,1606659
875309,1384733,2457796,2594714,1853967,1834437,485665,1564340,0.75,1763870
875309,1384733,2457796,2594714,1853967,1834437,485665,1564340,1.0,1977175
875309,1384733,2457796,2594714,1853967,1834437,485665,1564340,1.25,2003865
875309,1384733,2457796,2594714,1853967,1834437,590911,1601067,0.25,1558818
875309,1384733,2457796,2594714,1853967,1834437,590911,1601067,0.5,1656401
875309,1384733,2457796,2594714,1853967,1834437,590911,1601067,0.75,1744230
875309,1384733,2457796,2594714,1853967,1834437,590911,1601067,1.0,1891947
875309,1384733,2457796,2594714,1853967,1834437,590911,1601067,1.25,1985332
875309,1384733,2457796,2594714,1853967,1834437,616752,1656919,0.25,1585768
875309,1384733,2457796,2594714,1853967,1834437,616752,1656919,0.5,1667409
875309,1384733,2457796,2594714,1853967,1834437,616752,1656919,0.75,1712868
875309,1384733,2457796,2594714,1853967,1834437,616752,1656919,1.0,1929689
875309,1384733,2457796,2594714,1853967,1834437,616752,1656919,1.25,2037489
875309,1384733,2457796,2594714,1853967,1834437,697025,1681309,0.25,1600687
875309,1384733,2457796,2594714,1853967,1834437,697025,1681309,0.5,1655142
875309,1384733,2457796,2594714,1853967,1834437,697025,1681309,0.75,1741817
875309,1384733,2457796,2594714,1853967,1834437,697025,1681309,1.0,1978911
875309,1384733,2457796,2594714,1853967,1834437,697025,1681309,1.25,2079842
875309,1384733,2457796,2594714,1853967,1834437,749393,1703145,0.25,1636670
875309,1384733,2457796,2594714,1853967,1834437,749393,1703145,0.5,1658807
875309,1384733,2457796,2594714,1853967,1834437,749393,1703145,0.75,1718694
875309,1384733,2457796,2594714,1853967,1834437,749393,1703145,1.0,1950397
875309,1384733,2457796,2594714,1853967,1834437,749393,1703145,1.25,2020693
875309,1384733,2457796,2594714,1853967,1834437,954102,1791649,0.25,1660003
875309,1384733,2457796,2594714,1853967,1834437,954102,1791649,0.5,1732208
875309,1384733,2457796,2594714,1853967,1834437,954102,1791649,0.75,1844261
875309,1384733,2457796,2594714,1853967,1834437,954102,1791649,1.0,1956815
875309,1384733,2457796,2594714,1853967,1834437,954102,1791649,1.25,2040590
875309,1384733,2457796,2594714,1853967,1834437,1035939,1789273,0.25,1710001
875309,1384733,2457796,2594714,1853967,1834437,1035939,1789273,0.5,1672333
875309,1384733,2457796,2594714,1853967,1834437,1035939,1789273,0.75,1885465
875309,1384733,2457796,2594714,1853967,1834437,1035939,1789273,1.0,1965027
875309,1384733,2457796,2594714,1853967,1834437,1035939,1789273,1.25,2043817
875309,1384733,2457796,2594714,1853967,1834437,1079657,1834897,0.25,1732829
875309,1384733,2457796,2594714,1853967,1834437,1079657,1834897,0.5,1783662
875309,1384733,2457796,2594714,1853967,1834437,1079657,1834897,0.75,1735639
875309,1384733,2457796,2594714,1853967,1834437,1079657,1834897,1.0,2032926
875309,1384733,2457796,2594714,1853967,1834437,1079657,1834897,1.25,2065419
875309,1384733,2457796,2594714,1853967,1834437,1175240,1853538,0.25,1721454
875309,1384733,2457796,2594714,1853967,1834437,1175240,1853538,0.5,1708571
875309,1384733,2457796,2594714,1853967,1834437,1175240,1853538,0.75,1826399
875309,1384733,2457796,2594714,1853967,1834437,1175240,1853538,1.0,2074913
875309,1384733,2457796,2594714,1853967,1834437,1175240,1853538,1.25,2089136
875309,1384733,2457796,2594714,1853967,1834437,1310487,1913966,0.25,1770498
875309,1384733,2457796,2594714,1853967,1834437,1310487,1913966,0.5,1812839
875309,1384733,2457796,2594714,1853967,1834437,1310487,1913966,0.75,1805342
875309,1384733,2457796,2594714,1853967,1834437,1310487,1913966,1.0,1954790
875309,1384733,2457796,2594714,1853967,1834437,1310487,1913966,1.25,2051741
875309,1384733,2457796,2594714,1853967,1834437,1392066,1963106,0.25,1756458
875309,1384733,2457796,2594714,1853967,1834437,1392066,1963106,0.5,1784839
875309,1384733,2457796,2594714,1853967,1834437,1392066,1963106,0.75,1904913
875309,1384733,2457796,2594714,1853967,1834437,1392066,1963106,1.0,2090885
875309,1384733,2457796,2594714,1853967,1834437,1392066,1963106,1.25,2096345
875309,1384733,2457796,2594714,1853967,1834437,1511539,1993710,0.25,1807866
875309,1384733,2457796,2594714,1853967,1834437,1511539,1993710,0.5,1764544
875309,1384733,2457796,2594714,1853967,1834437,1511539,1993710,0.75,1883813
875309,1384733,2457796,2594714,1853967,1834437,1511539,1993710,1.0,1972563
875309,1384733,2457796,2594714,1853967,1834437,1511539,1993710,1.25,2070334
875309,1384733,2457796,2594714,1853967,1834437,1615721,2093874,0.25,1810803
875309,1384733,2457796,2594714,1853967,1834437,1615721,2093874,0.5,1762121
875309,1384733,2457796,2594714,1853967,1834437,1615721,2093874,0.75,1906952
875309,1384733,2457796,2594714,1853967,1834437,1615721,2093874,1.0,1949771
875309,1384733,2457796,2594714,1853967,1834437,1615721,2093874,1.25,2036161
875309,1384733,2457796,2594714,1853967,1834437,1736951,2042814,0.25,1809500
875309,1384733,2457796,2594714,1853967,1834437,1736951,2042814,0.5,1777102
875309,1384733,2457796,2594714,1853967,1834437,1736951,2042814,0.75,1838385
875309,1384733,2457796,2594714,1853967,1834437,1736951,2042814,1.0,2021945
875309,1384733,2457796,2594714,1853967,1834437,1736951,2042814,1.25,2113564
875309,1384733,2457796,2594714,1853967,1834437,1857872,2188997,0.25,1834999
875309,1384733,2457796,2594714,1853967,1834437,1857872,2188997,0.5,1893542
875309,1384733,2457796,2594714,1853967,1834437,1857872,2188997,0.75,1842060
875309,1384733,2457796,2594714,1853967,1834437,1857872,2188997,1.0,2073093
875309,1384733,2457796,2594714,1853967,1834437,1857872,2188997,1.25,2089728
875309,1384733,2457796,2594714,1853967,1834437,2029948,2219802,0.25,1940818
875309,1384733,2457796,2594714,1853967,1834437,2029948,2219802,0.5,1902943
875309,1384733,2457796,2594714,1853967,1834437,2029948,2219802,0.75,1949681
875309,1384733,2457796,2594714,1853967,1834437,2029948,2219802,1.0,2008383
875309,1384733,2457796,2594714,1853967,1834437,2029948,2219802,1.25,2030792
875309,1384733,2457796,2594714,1853967,1834437,2184241,2228460,0.25,1986695
875309,1384733,2457796,2594714,1853967,1834437,2184241,2228460,0.5,1918974
875309,1384733,2457796,2594714,1853967,1834437,2184241,2228460,0.75,1923211
875309,1384733,2457796,2594714,1853967,1834437,2184241,2228460,1.0,2160739
875309,1384733,2457796,2594714,1853967,1834437,2184241,2228460,1.25,2094757
875309,1384733,2457796,2594714,1853967,1834437,2334403,2303004,0.25,2001944
875309,1384733,2457796,2594714,1853967,1834437,2334403,2303004,0.5,1959699
875309,1384733,2457796,2594714,1853967,1834437,2334403,2303004,0.75,1990805
875309,1384733,2457796,2594714,1853967,1834437,2334403,2303004,1.0,2146665
875309,1384733,2457796,2594714,1853967,1834437,2334403,2303004,1.25,2113568
875309,1384733,2457796,2594714,1853967,1834437,2570463,2389735,0.25,1970759
875309,1384733,2457796,2594714,1853967,1834437,2570463,2389735,0.5,1993258
875309,1384733,2457796,2594714,1853967,1834437,2570463,2389735,0.75,1960146
875309,1384733,2457796,2594714,1853967,1834437,2570463,2389735,1.0,2158987
875309,1384733,2457796,2594714,1853967,1834437,2570463,2389735,1.25,2093964
875309,1384733,2457796,2594714,1853967,1834437,2602115,2417331,0.25,1999133
875309,1384733,2457796,2594714,1853967,1834437,2602115,2417331,0.5,1965434
875309,1384733,2457796,2594714,1853967,1834437,2602115,2417331,0.75,1961128
875309,1384733,2457796,2594714,1853967,1834437,2602115,2417331,1.0,2137296
875309,1384733,2457796,2594714,1853967,1834437,2602115,2417331,1.25,2108584
875309,1384733,2457796,2594714,1853967,1834437,2649948,2424881,0.25,2094058
875309,1384733,2457796,2594714,1853967,1834437,2649948,2424881,0.5,1872498
875309,1384733,2457796,2594714,1853967,1834437,2649948,2424881,0.75,2001296
875309,1384733,2457796,2594714,1853967,1834437,2649948,2424881,1.0,2077440
875309,1384733,2457796,2594714,1853967,1834437,2649948,2424881,1.25,2122278
875309,1384733,2457796,2594714,1853967,1834437,2806585,2503961,0.25,2135318
875309,1384733,2457796,2594714,1853967,1834437,2806585,2503961,0.5,1958484
875309,1384733,2457796,2594714,1853967,1834437,2806585,2503961,0.75,1867128
875309,1384733,2457796,2594714,1853967,1834437,2806585,2503961,1.0,2102442
875309,1384733,2457796,2594714,1853967,1834437,2806585,2503961,1.25,2107416
875309,1384733,2457796,2594714,1853967,1834437,2913149,2534786,0.25,2077764
875309,1384733,2457796,2594714,1853967,1834437,2913149,2534786,0.5,2075684
875309,1384733,2457796,2594714,1853967,1834437,2913149,2534786,0.75,1867894
875309,1384733,2457796,2594714,1853967,1834437,2913149,2534786,1.0,2027614
875309,1384733,2457796,2594714,1853967,1834437,2913149,2534786,1.25,2148433
875309,1384733,2457796,2594714,1853967,1834437,2992478,2533826,0.25,1994846
875309,1384733,2457796,2594714,1853967,1834437,2992478,2533826,0.5,1960012
875309,1384733,2457796,2594714,1853967,1834437,2992478,2533826,0.75,1949877
875309,1384733,2457796,2594714,1853967,1834437,2992478,2533826,1.0,2102628
875309,1384733,2457796,2594714,1853967,1834437,2992478,2533826,1.25,2093125
875309,1384733,2457796,2594714,1853967,1834437,3137321,2552886,0.25,1978297
875309,1384733,2457796,2594714,1853967,1834437,3137321,2552886,0.5,2007103
875309,1384733,2457796,2594714,1853967,1834437,3137321,2552886,0.75,1949886
875309,1384733,2457796,2594714,1853967,1834437,3137321,2552886,1.0,2146068
875309,1384733,2457796,2594714,1853967,1834437,3137321,2552886,1.25,2141607
875309,1384733,2457796,2594714,1853967,1834437,3560824,2732404,0.25,2017253
875309,1384733,2457796,2594714,1853967,1834437,3560824,2732404,0.5,1989281
875309,1384733,2457796,2594714,1853967,1834437,3560824,2732404,0.75,2016145
875309,1384733,2457796,2594714,1853967,1834437,3560824,2732404,1.0,2104507
875309,1384733,2457796,2594714,1853967,1834437,3560824,2732404,1.25,2115754
875309,1384733,2457796,2594714,1853967,1834437,4003481,3019775,0.25,2254625
875309,1384733,2457796,2594714,1853967,1834437,4003481,3019775,0.5,2013545
875309,1384733,2457796,2594714,1853967,1834437,4003481,3019775,0.75,2026790
875309,1384733,2457796,2594714,1853967,1834437,4003481,3019775,1.0,2219871
875309,1384733,2457796,2594714,1853967,1834437,4003481,3019775,1.25,2133031
875309,1384733,2457796,2594714,1853967,1834437,4318637,3163331,0.25,2232664
875309,1384733,2457796,2594714,1853967,1834437,4318637,3163331,0.5,2073486
875309,1384733,2457796,2594714,1853967,1834437,4318637,3163331,0.75,1984340
875309,1384733,2457796,2594714,1853967,1834437,4318637,3163331,1.0,2144865
875309,1384733,2457796,2594714,1853967,1834437,4318637,3163331,1.25,2114481
875309,1384733,2457796,2594714,1853967,1834437,4600658,3132061,0.25,2282546
875309,1384733,2457796,2594714,1853967,1834437,4600658,3132061,0.5,2136057
875309,1384733,2457796,2594714,1853967,1834437,4600658,3132061,0.75,1994512
875309,1384733,2457796,2594714,1853967,1834437,4600658,3132061,1.0,2102867
875309,1384733,2457796,2594714,1853967,1834437,4600658,3132061,1.25,2121219
875309,1384733,2457796,2594714,1853967,1834437,4955816,3301652,0.25,2452669
875309,1384733,2457796,2594714,1853967,1834437,4955816,3301652,0.5,2154909
875309,1384733,2457796,2594714,1853967,1834437,4955816,3301652,0.75,2016183
875309,1384733,2457796,2594714,1853967,1834437,4955816,3301652,1.0,2220944
875309,1384733,2457796,2594714,1853967,1834437,4955816,3301652,1.25,2100974
875309,1384733,2457796,2594714,1853967,1834437,5328653,3625744,0.25,2495688
875309,1384733,2457796,2594714,1853967,1834437,5328653,3625744,0.5,2169842
875309,1384733,2457796,2594714,1853967,1834437,5328653,3625744,0.75,2039772
875309,1384733,2457796,2594714,1853967,1834437,5328653,3625744,1.0,2248850
875309,1384733,2457796,2594714,1853967,1834437,5328653,3625744,1.25,2165945
875309,1384733,2457796,2594714,1853967,1834437,5789472,3823076,0.25,2456864
875309,1384733,2457796,2594714,1853967,1834437,5789472,3823076,0.5,2154129
875309,1384733,2457796,2594714,1853967,1834437,5789472,3823076,0.75,2183153
875309,1384733,2457796,2594714,1853967,1834437,5789472,3823076,1.0,2185745
875309,1384733,2457796,2594714,1853967,1834437,5789472,3823076,1.25,2219579
875309,1384733,2457796,2594714,1853967,1834437,6186383,3920718,0.25,2602788
875309,1384733,2457796,2594714,1853967,1834437,6186383,3920718,0.5,2099868
875309,1384733,2457796,2594714,1853967,1834437,6186383,3920718,0.75,2150626
875309,1384733,2457796,2594714,1853967,1834437,6186383,3920718,1.0,2159702
875309,1384733,2457796,2594714,1853967,1834437,6186383,3920718,1.25,2132733
875309,1384733,2457796,2594714,1853967,1834437,6611113,4473681,0.25,2403592
875309,1384733,2457796,2594714,1853967,1834437,6611113,4473681,0.5,2221009
875309,1384733,2457796,2594714,1853967,1834437,6611113,4473681,0.75,2086480
875309,1384733,2457796,2594714,1853967,1834437,6611113,4473681,1.0,2222438
875309,1384733,2457796,2594714,1853967,1834437,6611113,4473681,1.25,2175193
875309,1384733,2457796,2594714,1853967,1834437,7052714,4181013,0.25,2558306
875309,1384733,2457796,2594714,1853967,1834437,7052714,4181013,0.5,2120973
875309,1384733,2457796,2594714,1853967,1834437,7052714,4181013,0.75,2131354
875309,1384733,2457796,2594714,1853967,1834437,7052714,4181013,1.0,1985152
875309,1384733,2457796,2594714,1853967,1834437,7052714,4181013,1.25,2134847
875309,1384733,2457796,2594714,1853967,1834437,7461593,4272087,0.25,2430394
875309,1384733,2457796,2594714,1853967,1834437,7461593,4272087,0.5,2239823
875309,1384733,2457796,2594714,1853967,1834437,7461593,4272087,0.75,2080937
875309,1384733,2457796,2594714,1853967,1834437,7461593,4272087,1.0,2342874
875309,1384733,2457796,2594714,1853967,1834437,7461593,4272087,1.25,2149367
875309,1384733,2457796,2594714,1853967,1834437,7824131,4492681,0.25,2585034
875309,1384733,2457796,2594714,1853967,1834437,7824131,4492681,0.5,2239106
875309,1384733,2457796,2594714,1853967,1834437,7824131,4492681,0.75,2028554
875309,1384733,2457796,2594714,1853967,1834437,7824131,4492681,1.0,2176539
875309,1384733,2457796,2594714,1853967,1834437,7824131,4492681,1.25,2209119
875309,1384733,2457796,2594714,1853967,1834437,8085781,4480357,0.25,2622661
875309,1384733,2457796,2594714,1853967,1834437,8085781,4480357,0.5,2209084
875309,1384733,2457796,2594714,1853967,1834437,8085781,4480357,0.75,2245716
875309,1384733,2457796,2594714,1853967,1834437,8085781,4480357,1.0,2238716
875309,1384733,2457796,2594714,1853967,1834437,8085781,4480357,1.25,2145855
875309,1384733,2457796,2594714,1853967,1834437,8305456,4692524,0.25,2791637
875309,1384733,2457796,2594714,1853967,1834437,8305456,4692524,0.5,2302692
875309,1384733,2457796,2594714,1853967,1834437,8305456,4692524,0.75,2161370
875309,1384733,2457796,2594714,1853967,1834437,8305456,4692524,1.0,2278808
875309,1384733,2457796,2594714,1853967,1834437,8305456,4692524,1.25,2168896
875309,1384733,2457796,2594714,1853967,1834437,8543853,4575941,0.25,2687016
875309,1384733,2457796,2594714,1853967,1834437,8543853,4575941,0.5,2349489
875309,1384733,2457796,2594714,1853967,1834437,8543853,4575941,0.75,2124045
875309,1384733,2457796,2594714,1853967,1834437,8543853,4575941,1.0,2162493
875309,1384733,2457796,2594714,1853967,1834437,8543853,4575941,1.25,2221326
875309,1384733,2457796,2594714,1853967,1834437,8854532,4576473,0.25,2739135
875309,1384733,2457796,2594714,1853967,1834437,8854532,4576473,0.5,2142752
875309,1384733,2457796,2594714,1853967,1834437,8854532,4576473,0.75,2232371
875309,1384733,2457796,2594714,1853967,1834437,8854532,4576473,1.0,2255221
875309,1384733,2457796,2594714,1853967,1834437,8854532,4576473,1.25,2169226
875309,1384733,2457796,2594714,1853967,1834437,9061454,5033386,0.25,2682034
875309,1384733,2457796,2594714,1853967,1834437,9061454,5033386,0.5,2217153
875309,1384733,2457796,2594714,1853967,1834437,9061454,5033386,0.75,2166818
875309,1384733,2457796,2594714,1853967,1834437,9061454,5033386,1.0,2291292
875309,1384733,2457796,2594714,1853967,1834437,9061454,5033386,1.25,2160801
875309,1384733,2457796,2594714,1853967,1834437,9292128,4787704,0.25,2709205
875309,1384733,2457796,2594714,1853967,1834437,9292128,4787704,0.5,2253120
875309,1384733,2457796,2594714,1853967,1834437,9292128,4787704,0.75,2115717
875309,1384733,2457796,2594714,1853967,1834437,9292128,4787704,1.0,2183359
875309,1384733,2457796,2594714,1853967,1834437,9292128,4787704,1.25,2184850
875309,1384733,2457796,2594714,1853967,1834437,9484970,5114824,0.25,2646956
875309,1384733,2457796,2594714,1853967,1834437,9484970,5114824,0.5,2321359
875309,1384733,2457796,2594714,1853967,1834437,9484970,5114824,0.75,2122889
875309,1384733,2457796,2594714,1853967,1834437,9484970,5114824,1.0,2134329
875309,1384733,2457796,2594714,1853967,1834437,9484970,5114824,1.25,2201889
875309,1384733,2457796,2594714,1853967,1834437,9754175,5857220,0.25,2558563
875309,1384733,2457796,2594714,1853967,1834437,9754175,5857220,0.5,2277020
875309,1384733,2457796,2594714,1853967,1834437,9754175,5857220,0.75,2222563
875309,1384733,2457796,2594714,1853967,1834437,9754175,5857220,1.0,1992499
875309,1384733,2457796,2594714,1853967,1834437,9754175,5857220,1.25,2171629
875309,1384733,2457796,2594714,1853967,1834437,9997628,5059068,0.25,2897825
875309,1384733,2457796,2594714,1853967,1834437,9997628,5059068,0.5,2395515
875309,1384733,2457796,2594714,1853967,1834437,9997628,5059068,0.75,2176145
875309,1384733,2457796,2594714,1853967,1834437,9997628,5059068,1.0,2211414
875309,1384733,2457796,2594714,1853967,1834437,9997628,5059068,1.25,2274585
875309,1384733,2457796,2594714,1853967,1834437,10181042,5288708,0.25,2663859
875309,1384733,2457796,2594714,1853967,1834437,10181042,5288708,0.5,2324154
875309,1384733,2457796,2594714,1853967,1834437,10181042,5288708,0.75,2219495
875309,1384733,2457796,2594714,1853967,1834437,10181042,5288708,1.0,2277206
875309,1384733,2457796,2594714,1853967,1834437,10181042,5288708,1.25,2173324
875309,1384733,2457796,2594714,1853967,1834437,10312170,5431242,0.25,2801406
875309,1384733,2457796,2594714,1853967,1834437,10312170,5431242,0.5,2316953
875309,1384733,2457796,2594714,1853967,1834437,10312170,5431242,0.75,2266770
875309,1384733,2457796,2594714,1853967,1834437,10312170,5431242,1.0,2253049
875309,1384733,2457796,2594714,1853967,1834437,10312170,5431242,1.25,2168441
875309,1384733,2457796,2594714,1853967,1834437,10445101,5184483,0.25,2968266
875309,1384733,2457796,2594714,1853967,1834437,10445101,5184483,0.5,2396381
875309,1384733,2457796,2594714,1853967,1834437,10445101,5184483,0.75,2139947
875309,1384733,2457796,2594714,1853967,1834437,10445101,5184483,1.0,2289103
875309,1384733,2457796,2594714,1853967,1834437,10445101,5184483,1.25,2143822
875309,1384733,2457796,2594714,1853967,1834437,10514219,5695193,0.25,2819467
875309,1384733,2457796,2594714,1853967,1834437,10514219,5695193,0.5,2423803
875309,1384733,2457796,2594714,1853967,1834437,10514219,5695193,0.75,2156142
875309,1384733,2457796,2594714,1853967,1834437,10514219,5695193,1.0,1961251
875309,1384733,2457796,2594714,1853967,1834437,10514219,5695193,1.25,2197106
875309,1384733,2457796,2594714,1853967,1834437,10667752,5480813,0.25,3038254
875309,1384733,2457796,2594714,1853967,1834437,10667752,5480813,0.5,2301643
875309,1384733,2457796,2594714,1853967,1834437,10667752,5480813,0.75,2320300
875309,1384733,2457796,2594714,1853967,1834437,10667752,5480813,1.0,2277784
875309,1384733,2457796,2594714,1853967,1834437,10667752,5480813,1.25,2180886
875309,1384733,2457796,2594714,1853967,1834437,10928753,5803558,0.25,3109862
875309,1384733,2457796,2594714,1853967,1834437,10928753,5803558,0.5,2321852
875309,1384733,2457796,2594714,1853967,1834437,10928753,5803558,0.75,2273675
875309,1384733,2457796,2594714,1853967,1834437,10928753,5803558,1.0,1983630
875309,1384733,2457796,2594714,1853967,1834437,10928753,5803558,1.25,2203163
875309,1384733,2457796,2594714,1853967,1834437,11195483,5666904,0.25,2897158
875309,1384733,2457796,2594714,1853967,1834437,11195483,5666904,0.5,2266572
875309,1384733,2457796,2594714,1853967,1834437,11195483,5666904,0.75,2185912
875309,1384733,2457796,2594714,1853967,1834437,11195483,5666904,1.0,2260855
875309,1384733,2457796,2594714,1853967,1834437,11195483,5666904,1.25,2189405
875309,1384733,2457796,2594714,1853967,1834437,11402935,5490375,0.25,3170049
875309,1384733,2457796,2594714,1853967,1834437,11402935,5490375,0.5,2386833
875309,1384733,2457796,2594714,1853967,1834437,11402935,5490375,0.75,2127909
875309,1384733,2457796,2594714,1853967,1834437,11402935,5490375,1.0,2237261
875309,1384733,2457796,2594714,1853967,1834437,11402935,5490375,1.25,2238646
875309,1384733,2457796,2594714,1853967,1834437,11616077,7119009,0.25,3092460
875309,1384733,2457796,2594714,1853967,1834437,11616077,7119009,0.5,2506618
875309,1384733,2457796,2594714,1853967,1834437,11616077,7119009,0.75,2223278
875309,1384733,2457796,2594714,1853967,1834437,11616077,7119009,1.0,2119070
875309,1384733,2457796,2594714,1853967,1834437,11616077,7119009,1.25,2221607
875309,1384733,2457796,2594714,1853967,1834437,11904891,6159016,0.25,3027807
875309,1384733,2457796,2594714,1853967,1834437,11904891,6159016,0.5,2624662
875309,1384733,2457796,2594714,1853967,1834437,11904891,6159016,0.75,2159986
875309,1384733,2457796,2594714,1853967,1834437,11904891,6159016,1.0,2141396
875309,1384733,2457796,2594714,1853967,1834437,11904891,6159016,1.25,2161615
875309,1384733,2457796,2594714,1853967,1834437,12179203,6550158,0.25,3029437
875309,1384733,2457796,2594714,1853967,1834437,12179203,6550158,0.5,2415410
875309,1384733,2457796,2594714,1853967,1834437,12179203,6550158,0.75,2361618
875309,1384733,2457796,2594714,1853967,1834437,12179203,6550158,1.0,2115337
875309,1384733,2457796,2594714,1853967,1834437,12179203,6550158,1.25,2166219
875309,1384733,2457796,2594714,1853967,1834437,12416885,6266948,0.25,3110956
875309,1384733,2457796,2594714,1853967,1834437,12416885,6266948,0.5,2500235
875309,1384733,2457796,2594714,1853967,1834437,12416885,6266948,0.75,2148478
875309,1384733,2457796,2594714,1853967,1834437,12416885,6266948,1.0,2031372
875309,1384733,2457796,2594714,1853967,1834437,12416885,6266948,1.25,2249832
875309,1384733,2457796,2594714,1853967,1834437,12645808,6464503,0.25,3126938
875309,1384733,2457796,2594714,1853967,1834437,12645808,6464503,0.5,2371161
875309,1384733,2457796,2594714,1853967,1834437,12645808,6464503,0.75,2409655
875309,1384733,2457796,2594714,1853967,1834437,12645808,6464503,1.0,2025754
875309,1384733,2457796,2594714,1853967,1834437,12645808,6464503,1.25,2227717
875309,1384733,2457796,2594714,1853967,1834437,12889785,6734760,0.25,3069530
875309,1384733,2457796,2594714,1853967,1834437,12889785,6734760,0.5,2597043
875309,1384733,2457796,2594714,1853967,1834437,12889785,6734760,0.75,2386118
875309,1384733,2457796,2594714,1853967,1834437,12889785,6734760,1.0,2156270
875309,1384733,2457796,2594714,1853967,1834437,12889785,6734760,1.25,2188432
875309,1384733,2457796,2594714,1853967,1834437,13030303,6251638,0.25,3194370
875309,1384733,2457796,2594714,1853967,1834437,13030303,6251638,0.5,2622210
875309,1384733,2457796,2594714,1853967,1834437,13030303,6251638,0.75,2196685
875309,1384733,2457796,2594714,1853967,1834437,13030303,6251638,1.0,2207589
875309,1384733,2457796,2594714,1853967,1834437,13030303,6251638,1.25,2170661
875309,1384733,2457796,2594714,1853967,1834437,13195277,6233979,0.25,3030338
875309,1384733,2457796,2594714,1853967,1834437,13195277,6233979,0.5,2429018
875309,1384733,2457796,2594714,1853967,1834437,13195277,6233979,0.75,2240632
875309,1384733,2457796,2594714,1853967,1834437,13195277,6233979,1.0,2207593
875309,1384733,2457796,2594714,1853967,1834437,13195277,6233979,1.25,2264786
875309,1384733,2457796,2594714,1853967,1834437,13446453,6358868,0.25,2912805
875309,1384733,2457796,2594714,1853967,1834437,13446453,6358868,0.5,2460544
875309,1384733,2457796,2594714,1853967,1834437,13446453,6358868,0.75,2484547
875309,1384733,2457796,2594714,1853967,1834437,13446453,6358868,1.0,2218800
875309,1384733,2457796,2594714,1853967,1834437,13446453,6358868,1.25,2249143
875309,1384733,2457796,2594714,1853967,1834437,13749872,7726678,0.25,3226737
875309,1384733,2457796,2594714,1853967,1834437,13749872,7726678,0.5,2553288
875309,1384733,2457796,2594714,1853967,1834437,13749872,7726678,0.75,2468644
875309,1384733,2457796,2594714,1853967,1834437,13749872,7726678,1.0,2201452
875309,1384733,2457796,2594714,1853967,1834437,13749872,7726678,1.25,2239184
875309,1384733,2457796,2594714,1853967,1834437,13941498,6755332,0.25,2980570
875309,1384733,2457796,2594714,1853967,1834437,13941498,6755332,0.5,2620012
875309,1384733,2457796,2594714,1853967,1834437,13941498,6755332,0.75,2255219
875309,1384733,2457796,2594714,1853967,1834437,13941498,6755332,1.0,2153769
875309,1384733,2457796,2594714,1853967,1834437,13941498,6755332,1.25,2187967
875309,1384733,2457796,2594714,1853967,1834437,14133656,6503133,0.25,2886235
875309,1384733,2457796,2594714,1853967,1834437,14133656,6503133,0.5,2553142
875309,1384733,2457796,2594714,1853967,1834437,14133656,6503133,0.75,2503307
875309,1384733,2457796,2594714,1853967,1834437,14133656,6503133,1.0,2174323
875309,1384733,2457796,2594714,1853967,1834437,14133656,6503133,1.25,2181818
875309,1384733,2457796,2594714,1853967,1834437,14297531,6635982,0.25,3042943
875309,1384733,2457796,2594714,1853967,1834437,14297531,6635982,0.5,2546681
875309,1384733,2457796,2594714,1853967,1834437,14297531,6635982,0.75,2182582
875309,1384733,2457796,2594714,1853967,1834437,14297531,6635982,1.0,2225952
875309,1384733,2457796,2594714,1853967,1834437,14297531,6635982,1.25,2201842
875309,1384733,2457796,2594714,1853967,1834437,14514203,6885058,0.25,3384111
875309,1384733,2457796,2594714,1853967,1834437,14514203,6885058,0.5,2510393
875309,1384733,2457796,2594714,1853967,1834437,14514203,6885058,0.75,2226009
875309,1384733,2457796,2594714,1853967,1834437,14514203,6885058,1.0,2216837
875309,1384733,2457796,2594714,1853967,1834437,14514203,6885058,1.25,2219516
875309,1384733,2457796,2594714,1853967,1834437,14651899,6417079,0.25,3551916
875309,1384733,2457796,2594714,1853967,1834437,14651899,6417079,0.5,2461605
875309,1384733,2457796,2594714,1853967,1834437,14651899,6417079,0.75,2229891
875309,1384733,2457796,2594714,1853967,1834437,14651899,6417079,1.0,2270375
875309,1384733,2457796,2594714,1853967,1834437,14651899,6417079,1.25,2252162
875309,1384733,2457796,2594714,1853967,1834437,14848561,7258014,0.25,3226621
875309,1384733,2457796,2594714,1853967,1834437,14848561,7258014,0.5,2654148
875309,1384733,2457796,2594714,1853967,1834437,14848561,7258014,0.75,2198269
875309,1384733,2457796,2594714,1853967,1834437,14848561,7258014,1.0,2268889
875309,1384733,2457796,2594714,1853967,1834437,14848561,7258014,1.25,2222821
875309,1384733,2457796,2594714,1853967,1834437,15030324,6935582,0.25,3047422
875309,1384733,2457796,2594714,1853967,1834437,15030324,6935582,0.5,2515817
875309,1384733,2457796,2594714,1853967,1834437,15030324,6935582,0.75,2260420
875309,1384733,2457796,2594714,1853967,1834437,15030324,6935582,1.0,2428751
875309,1384733,2457796,2594714,1853967,1834437,15030324,6935582,1.25,2210246
875309,1384733,2457796,2594714,1853967,1834437,15286429,8028912,0.25,3568786
875309,1384733,2457796,2594714,1853967,1834437,15286429,8028912,0.5,2751679
875309,1384733,2457796,2594714,1853967,1834437,15286429,8028912,0.75,2525026
875309,1384733,2457796,2594714,1853967,1834437,15286429,8028912,1.0,2104075
875309,1384733,2457796,2594714,1853967,1834437,15286429,8028912,1.25,2252606
875309,1384733,2457796,2594714,1853967,1834437,15603996,7284825,0.25,3582324
875309,1384733,2457796,2594714,1853967,1834437,15603996,7284825,0.5,2579816
875309,1384733,2457796,2594714,1853967,1834437,15603996,7284825,0.75,2201210
875309,1384733,2457796,2594714,1853967,1834437,15603996,7284825,1.0,2259467
875309,1384733,2457796,2594714,1853967,1834437,15603996,7284825,1.25,2253853
875309,1384733,2457796,2594714,1853967,1834437,15791399,7166449,0.25,3341386
875309,1384733,2457796,2594714,1853967,1834437,15791399,7166449,0.5,2513504
875309,1384733,2457796,2594714,1853967,1834437,15791399,7166449,0.75,2455550
875309,1384733,2457796,2594714,1853967,1834437,15791399,7166449,1.0,2262363
875309,1384733,2457796,2594714,1853967,1834437,15791399,7166449,1.25,2200736
875309,1384733,2457796,2594714,1853967,1834437,15923094,9137314,0.25,3384396
875309,1384733,2457796,2594714,1853967,1834437,15923094,9137314,0.5,2706577
875309,1384733,2457796,2594714,1853967,1834437,15923094,9137314,0.75,2278989
875309,1384733,2457796,2594714,1853967,1834437,15923094,9137314,1.0,2137322
875309,1384733,2457796,2594714,1853967,1834437,15923094,9137314,1.25,2256418
875309,1384733,2457796,2594714,1853967,1834437,16042043,7198054,0.25,3649944
875309,1384733,2457796,2594714,1853967,1834437,16042043,7198054,0.5,2800099
875309,1384733,2457796,2594714,1853967,1834437,16042043,7198054,0.75,2565460
875309,1384733,2457796,2594714,1853967,1834437,16042043,7198054,1.0,2330824
875309,1384733,2457796,2594714,1853967,1834437,16042043,7198054,1.25,2255469
875309,1384733,2457796,2594714,1853967,1834437,16167668,7802358,0.25,3715498
875309,1384733,2457796,2594714,1853967,1834437,16167668,7802358,0.5,2723527
875309,1384733,2457796,2594714,1853967,1834437,16167668,7802358,0.75,2300227
875309,1384733,2457796,2594714,1853967,1834437,16167668,7802358,1.0,2279864
875309,1384733,2457796,2594714,1853967,1834437,16167668,7802358,1.25,2342199
875309,1384733,2457796,2594714,1853967,1834437,16357353,8315500,0.25,3513186
875309,1384733,2457796,2594714,1853967,1834437,16357353,8315500,0.5,2797607
875309,1384733,2457796,2594714,1853967,1834437,16357353,8315500,0.75,2407282
875309,1384733,2457796,2594714,1853967,1834437,16357353,8315500,1.0,2298100
875309,1384733,2457796,2594714,1853967,1834437,16357353,8315500,1.25,2262583
875309,1384733,2457796,2594714,1853967,1834437,16553279,10128581,0.25,3664162
875309,1384733,2457796,2594714,1853967,1834437,16553279,10128581,0.5,2837504
875309,1384733,2457796,2594714,1853967,1834437,16553279,10128581,0.75,2340579
875309,1384733,2457796,2594714,1853967,1834437,16553279,10128581,1.0,2311048
875309,1384733,2457796,2594714,1853967,1834437,16553279,10128581,1.25,2275444
875309,1384733,2457796,2594714,1853967,1834437,16755130,8980684,0.25,3666389
875309,1384733,2457796,2594714,1853967,1834437,16755130,8980684,0.5,2709079
875309,1384733,2457796,2594714,1853967,1834437,16755130,8980684,0.75,2357676
875309,1384733,2457796,2594714,1853967,1834437,16755130,8980684,1.0,2347845
875309,1384733,2457796,2594714,1853967,1834437,16755130,8980684,1.25,2242640
875309,1384733,2457796,2594714,1853967,1834437,16936351,8969020,0.25,3769164
875309,1384733,2457796,2594714,1853967,1834437,16936351,8969020,0.5,2753475
875309,1384733,2457796,2594714,1853967,1834437,16936351,8969020,0.75,2608483
875309,1384733,2457796,2594714,1853967,1834437,16936351,8969020,1.0,2312490
875309,1384733,2457796,2594714,1853967,1834437,16936351,8969020,1.25,2250032
875309,1384733,2457796,2594714,1853967,1834437,17090266,7954377,0.25,3252068
875309,1384733,2457796,2594714,1853967,1834437,17090266,7954377,0.5,2645727
875309,1384733,2457796,2594714,1853967,1834437,17090266,7954377,0.75,2418742
875309,1384733,2457796,2594714,1853967,1834437,17090266,7954377,1.0,2471360
875309,1384733,2457796,2594714,1853967,1834437,17090266,7954377,1.25,2272967
875309,1384733,2457796,2594714,1853967,1834437,17277562,7749225,0.25,3487185
875309,1384733,2457796,2594714,1853967,1834437,17277562,7749225,0.5,2714097
875309,1384733,2457796,2594714,1853967,1834437,17277562,7749225,0.75,2611934
875309,1384733,2457796,2594714,1853967,1834437,17277562,7749225,1.0,2206224
875309,1384733,2457796,2594714,1853967,1834437,17277562,7749225,1.25,2234328
875309,1384733,2457796,2594714,1853967,1834437,17441563,7998319,0.25,3621029
875309,1384733,2457796,2594714,1853967,1834437,17441563,7998319,0.5,2843276
875309,1384733,2457796,2594714,1853967,1834437,17441563,7998319,0.75,2467184
875309,1384733,2457796,2594714,1853967,1834437,17441563,7998319,1.0,2448633
875309,1384733,2457796,2594714,1853967,1834437,17441563,7998319,1.25,2292078
875309,1384733,2457796,2594714,1853967,1834437,17589971,7760200,0.25,4018875
875309,1384733,2457796,2594714,1853967,1834437,17589971,7760200,0.5,2825419
875309,1384733,2457796,2594714,1853967,1834437,17589971,7760200,0.75,2538849
875309,1384733,2457796,2594714,1853967,1834437,17589971,7760200,1.0,2285678
875309,1384733,2457796,2594714,1853967,1834437,17589971,7760200,1.25,2317211
875309,1384733,2457796,2594714,1853967,1834437,17724723,9262269,0.25,4281257
875309,1384733,2457796,2594714,1853967,1834437,17724723,9262269,0.5,3138784
875309,1384733,2457796,2594714,1853967,1834437,17724723,9262269,0.75,2412185
875309,1384733,2457796,2594714,1853967,1834437,17724723,9262269,1.0,2320693
875309,1384733,2457796,2594714,1853967,1834437,17724723,9262269,1.25,2249920
875309,1384733,2457796,2594714,1853967,1834437,17842003,9593898,0.25,3981773
875309,1384733,2457796,2594714,1853967,1834437,17842003,9593898,0.5,2845653
875309,1384733,2457796,2594714,1853967,1834437,17842003,9593898,0.75,2304527
875309,1384733,2457796,2594714,1853967,1834437,17842003,9593898,1.0,2292911
875309,1384733,2457796,2594714,1853967,1834437,17842003,9593898,1.25,2214529
875309,1384733,2457796,2594714,1853967,1834437,17984115,8525811,0.25,4025082
875309,1384733,2457796,2594714,1853967,1834437,17984115,8525811,0.5,2738626
875309,1384733,2457796,2594714,1853967,1834437,17984115,8525811,0.75,2219416
875309,1384733,2457796,2594714,1853967,1834437,17984115,8525811,1.0,2425193
875309,1384733,2457796,2594714,1853967,1834437,17984115,8525811,1.25,2285213
875309,1384733,2457796,2594714,1853967,1834437,18104221,8377443,0.25,3741285
875309,1384733,2457796,2594714,1853967,1834437,18104221,8377443,0.5,3008628
875309,1384733,2457796,2594714,1853967,1834437,18104221,8377443,0.75,2353588
875309,1384733,2457796,2594714,1853967,1834437,18104221,8377443,1.0,2156116
875309,1384733,2457796,2594714,1853967,1834437,18104221,8377443,1.25,2273771
875309,1384733,2457796,2594714,1853967,1834437,18217232,8457577,0.25,3669618
875309,1384733,2457796,2594714,1853967,1834437,18217232,8457577,0.5,2683072
875309,1384733,2457796,2594714,1853967,1834437,18217232,8457577,0.75,2486658
875309,1384733,2457796,2594714,1853967,1834437,18217232,8457577,1.0,2535721
875309,1384733,2457796,2594714,1853967,1834437,18217232,8457577,1.25,2323407
875309,1384733,2457796,2594714,1853967,1834437,18322631,8062245,0.25,3987626
875309,1384733,2457796,2594714,1853967,1834437,18322631,8062245,0.5,2762696
875309,1384733,2457796,2594714,1853967,1834437,18322631,8062245,0.75,2418519
875309,1384733,2457796,2594714,1853967,1834437,18322631,8062245,1.0,2361188
875309,1384733,2457796,2594714,1853967,1834437,18322631,8062245,1.25,2292720
875309,1384733,2457796,2594714,1853967,1834437,18421152,8728677,0.25,3882548
875309,1384733,2457796,2594714,1853967,1834437,18421152,8728677,0.5,2891858
875309,1384733,2457796,2594714,1853967,1834437,18421152,8728677,0.75,2380696
875309,1384733,2457796,2594714,1853967,1834437,18421152,8728677,1.0,2331955
875309,1384733,2457796,2594714,1853967,1834437,18421152,8728677,1.25,2295697
875309,1384733,2457796,2594714,1853967,1834437,18514165,8354976,0.25,3779806
875309,1384733,2457796,2594714,1853967,1834437,18514165,8354976,0.5,2692472
875309,1384733,2457796,2594714,1853967,1834437,18514165,8354976,0.75,2370154
875309,1384733,2457796,2594714,1853967,1834437,18514165,8354976,1.0,2212743
875309,1384733,2457796,2594714,1853967,1834437,18514165,8354976,1.25,2259953
875309,1384733,2457796,2594714,1853967,1834437,18617784,8430145,0.25,3936174
875309,1384733,2457796,2594714,1853967,1834437,18617784,8430145,0.5,2856251
875309,1384733,2457796,2594714,1853967,1834437,18617784,8430145,0.75,2543685
875309,1384733,2457796,2594714,1853967,1834437,18617784,8430145,1.0,2447850
875309,1384733,2457796,2594714,1853967,1834437,18617784,8430145,1.25,2293514
875309,1384733,2457796,2594714,1853967,1834437,18742499,8754557,0.25,3881787
875309,1384733,2457796,2594714,1853967,1834437,18742499,8754557,0.5,2900462
875309,1384733,2457796,2594714,1853967,1834437,18742499,8754557,0.75,2263781
875309,1384733,2457796,2594714,1853967,1834437,18742499,8754557,1.0,2290425
875309,1384733,2457796,2594714,1853967,1834437,18742499,8754557,1.25,2261446
875309,1384733,2457796,2594714,1853967,1834437,18862977,9284126,0.25,3618356
875309,1384733,2457796,2594714,1853967,1834437,18862977,9284126,0.5,2811551
875309,1384733,2457796,2594714,1853967,1834437,18862977,9284126,0.75,2552276
875309,1384733,2457796,2594714,1853967,1834437,18862977,9284126,1.0,2278005
875309,1384733,2457796,2594714,1853967,1834437,18862977,9284126,1.25,2264093
875309,1384733,2457796,2594714,1853967,1834437,19045174,10378392,0.25,4216876
875309,1384733,2457796,2594714,1853967,1834437,19045174,10378392,0.5,3155337
875309,1384733,2457796,2594714,1853967,1834437,19045174,10378392,0.75,2552655
875309,1384733,2457796,2594714,1853967,1834437,19045174,10378392,1.0,2348350
875309,1384733,2457796,2594714,1853967,1834437,19045174,10378392,1.25,2278525
875309,1384733,2457796,2594714,1853967,1834437,19221354,10552194,0.25,4019603
875309,1384733,2457796,2594714,1853967,1834437,19221354,10552194,0.5,2925784
875309,1384733,2457796,2594714,1853967,1834437,19221354,10552194,0.75,2395638
875309,1384733,2457796,2594714,1853967,1834437,19221354,10552194,1.0,2228124
875309,1384733,2457796,2594714,1853967,1834437,19221354,10552194,1.25,2327987
875309,1384733,2457796,2594714,1853967,1834437,19316431,8426377,0.25,4080091
875309,1384733,2457796,2594714,1853967,1834437,19316431,8426377,0.5,2772872
875309,1384733,2457796,2594714,1853967,1834437,19316431,8426377,0.75,2381328
875309,1384733,2457796,2594714,1853967,1834437,19316431,8426377,1.0,2334452
875309,1384733,2457796,2594714,1853967,1834437,19316431,8426377,1.25,2254381
875309,1384733,2457796,2594714,1853967,1834437,19367093,9483696,0.25,3858948
875309,1384733,2457796,2594714,1853967,1834437,19367093,9483696,0.5,2891875
875309,1384733,2457796,2594714,1853967,1834437,19367093,9483696,0.75,2379928
875309,1384733,2457796,2594714,1853967,1834437,19367093,9483696,1.0,2288959
875309,1384733,2457796,2594714,1853967,1834437,19367093,9483696,1.25,2243216
875309,1384733,2457796,2594714,1853967,1834437,19479938,9068300,0.25,3994774
875309,1384733,2457796,2594714,1853967,1834437,19479938,9068300,0.5,3061738
875309,1384733,2457796,2594714,1853967,1834437,19479938,9068300,0.75,2313933
875309,1384733,2457796,2594714,1853967,1834437,19479938,9068300,1.0,2345782
875309,1384733,2457796,2594714,1853967,1834437,19479938,9068300,1.25,2292337
875309,1384733,2457796,2594714,1853967,1834437,19636843,10331302,0.25,4072773
875309,1384733,2457796,2594714,1853967,1834437,19636843,10331302,0.5,2861359
875309,1384733,2457796,2594714,1853967,1834437,19636843,10331302,0.75,2370935
875309,1384733,2457796,2594714,1853967,1834437,19636843,10331302,1.0,2317602
875309,1384733,2457796,2594714,1853967,1834437,19636843,10331302,1.25,2298255
875309,1384733,2457796,2594714,1853967,1834437,19746213,10479025,0.25,3820200
875309,1384733,2457796,2594714,1853967,1834437,19746213,10479025,0.5,2980021
875309,1384733,2457796,2594714,1853967,1834437,19746213,10479025,0.75,2450887
875309,1384733,2457796,2594714,1853967,1834437,19746213,10479025,1.0,2277765
875309,1384733,2457796,2594714,1853967,1834437,19746213,10479025,1.25,2329471
875309,1384733,2457796,2594714,1853967,1834437,19891175,10161854,0.25,3715214
875309,1384733,2457796,2594714,1853967,1834437,19891175,10161854,0.5,3017128
875309,1384733,2457796,2594714,1853967,1834437,19891175,10161854,0.75,2364857
875309,1384733,2457796,2594714,1853967,1834437,19891175,10161854,1.0,2283620
875309,1384733,2457796,2594714,1853967,1834437,19891175,10161854,1.25,2281714
875309,1384733,2457796,2594714,1853967,1834437,20034937,9667948,0.25,4307589
875309,1384733,2457796,2594714,1853967,1834437,20034937,9667948,0.5,3180455
875309,1384733,2457796,2594714,1853967,1834437,20034937,9667948,0.75,2375561
875309,1384733,2457796,2594714,1853967,1834437,20034937,9667948,1.0,2293686
875309,1384733,2457796,2594714,1853967,1834437,20034937,9667948,1.25,2282615
875309,1384733,2457796,2594714,1853967,1834437,20160459,8930893,0.25,4491953
875309,1384733,2457796,2594714,1853967,1834437,20160459,8930893,0.5,2963541
875309,1384733,2457796,2594714,1853967,1834437,20160459,8930893,0.75,2400035
875309,1384733,2457796,2594714,1853967,1834437,20160459,8930893,1.0,2266957
875309,1384733,2457796,2594714,1853967,1834437,20160459,8930893,1.25,2243649
875309,1384733,2457796,2594714,1853967,1834437,20356284,9476188,0.25,3851207
875309,1384733,2457796,2594714,1853967,1834437,20356284,9476188,0.5,2776149
875309,1384733,2457796,2594714,1853967,1834437,20356284,9476188,0.75,2348195
875309,1384733,2457796,2594714,1853967,1834437,20356284,9476188,1.0,2626832
875309,1384733,2457796,2594714,1853967,1834437,20356284,9476188,1.25,2312957
875309,1384733,2457796,2594714,1853967,1834437,20553369,9481489,0.25,4604059
875309,1384733,2457796,2594714,1853967,1834437,20553369,9481489,0.5,3064143
875309,1384733,2457796,2594714,1853967,1834437,20553369,9481489,0.75,2690859
875309,1384733,2457796,2594714,1853967,1834437,20553369,9481489,1.0,2212828
875309,1384733,2457796,2594714,1853967,1834437,20553369,9481489,1.25,2320162
875309,1384733,2457796,2594714,1853967,1834437,20779027,9867709,0.25,4359854
875309,1384733,2457796,2594714,1853967,1834437,20779027,9867709,0.5,3182492
875309,1384733,2457796,2594714,1853967,1834437,20779027,9867709,0.75,2344485
875309,1384733,2457796,2594714,1853967,1834437,20779027,9867709,1.0,2428216
875309,1384733,2457796,2594714,1853967,1834437,20779027,9867709,1.25,2314820
875309,1384733,2457796,2594714,1853967,1834437,20905186,12409781,0.25,4887456
875309,1384733,2457796,2594714,1853967,1834437,20905186,12409781,0.5,3133283
875309,1384733,2457796,2594714,1853967,1834437,20905186,12409781,0.75,2681232
875309,1384733,2457796,2594714,1853967,1834437,20905186,12409781,1.0,2432806
875309,1384733,2457796,2594714,1853967,1834437,20905186,12409781,1.25,2291004
875309,1384733,2457796,2594714,1853967,1834437,21044700,11056712,0.25,4463971
875309,1384733,2457796,2594714,1853967,1834437,21044700,11056712,0.5,3264618
875309,1384733,2457796,2594714,1853967,1834437,21044700,11056712,0.75,2462226
875309,1384733,2457796,2594714,1853967,1834437,21044700,11056712,1.0,2386560
875309,1384733,2457796,2594714,1853967,1834437,21044700,11056712,1.25,2323241
875309,1384733,2457796,2594714,1853967,1834437,21163085,11824096,0.25,4007621
875309,1384733,2457796,2594714,1853967,1834437,21163085,11824096,0.5,3083535
875309,1384733,2457796,2594714,1853967,1834437,21163085,11824096,0.75,2377642
875309,1384733,2457796,2594714,1853967,1834437,21163085,11824096,1.0,2335760
875309,1384733,2457796,2594714,1853967,1834437,21163085,11824096,1.25,2333501
875309,1384733,2457796,2594714,1853967,1834437,21312342,11156675,0.25,4319750
875309,1384733,2457796,2594714,1853967,1834437,21312342,11156675,0.5,3126871
875309,1384733,2457796,2594714,1853967,1834437,21312342,11156675,0.75,2397270
875309,1384733,2457796,2594714,1853967,1834437,21312342,11156675,1.0,2477161
875309,1384733,2457796,2594714,1853967,1834437,21312342,11156675,1.25,2306676
875309,1384733,2457796,2594714,1853967,1834437,21416847,11115303,0.25,4512136
875309,1384733,2457796,2594714,1853967,1834437,21416847,11115303,0.5,2999695
875309,1384733,2457796,2594714,1853967,1834437,21416847,11115303,0.75,2450675
875309,1384733,2457796,2594714,1853967,1834437,21416847,11115303,1.0,2432057
875309,1384733,2457796,2594714,1853967,1834437,21416847,11115303,1.25,2298380
875309,1384733,2457796,2594714,1853967,1834437,21507990,10279432,0.25,4168726
875309,1384733,2457796,2594714,1853967,1834437,21507990,10279432,0.5,3185177
875309,1384733,2457796,2594714,1853967,1834437,21507990,10279432,0.75,2627891
875309,1384733,2457796,2594714,1853967,1834437,21507990,10279432,1.0,2176298
875309,1384733,2457796,2594714,1853967,1834437,21507990,10279432,1.25,2294823
875309,1384733,2457796,2594714,1853967,1834437,21627801,10441098,0.25,4215171
875309,1384733,2457796,2594714,1853967,1834437,21627801,10441098,0.5,3321970
875309,1384733,2457796,2594714,1853967,1834437,21627801,10441098,0.75,2932939
875309,1384733,2457796,2594714,1853967,1834437,21627801,10441098,1.0,2444447
875309,1384733,2457796,2594714,1853967,1834437,21627801,10441098,1.25,2355782
875309,1384733,2457796,2594714,1853967,1834437,21738445,9518258,0.25,4317648
875309,1384733,2457796,2594714,1853967,1834437,21738445,9518258,0.5,3155975
875309,1384733,2457796,2594714,1853967,1834437,21738445,9518258,0.75,2700893
875309,1384733,2457796,2594714,1853967,1834437,21738445,9518258,1.0,2420620
875309,1384733,2457796,2594714,1853967,1834437,21738445,9518258,1.25,2287317
875309,1384733,2457796,2594714,1853967,1834437,21824025,11882272,0.25,4203583
875309,1384733,2457796,2594714,1853967,1834437,21824025,11882272,0.5,3301327
875309,1384733,2457796,2594714,1853967,1834437,21824025,11882272,0.75,2409804
875309,1384733,2457796,2594714,1853967,1834437,21824025,11882272,1.0,2176797
875309,1384733,2457796,2594714,1853967,1834437,21824025,11882272,1.25,2288742
875309,1384733,2457796,2594714,1853967,1834437,21868479,11146350,0.25,4512768
875309,1384733,2457796,2594714,1853967,1834437,21868479,11146350,0.5,3209500
875309,1384733,2457796,2594714,1853967,1834437,21868479,11146350,0.75,2445890
875309,1384733,2457796,2594714,1853967,1834437,21868479,11146350,1.0,2794895
875309,1384733,2457796,2594714,1853967,1834437,21868479,11146350,1.25,2311171
875309,1384733,2457796,2594714,1853967,1834437,21907907,10633305,0.25,4422808
875309,1384733,2457796,2594714,1853967,1834437,21907907,10633305,0.5,3033301
875309,1384733,2457796,2594714,1853967,1834437,21907907,10633305,0.75,2520499
875309,1384733,2457796,2594714,1853967,1834437,21907907,10633305,1.0,2168440
875309,1384733,2457796,2594714,1853967,1834437,21907907,10633305,1.25,2281155
875309,1384733,2457796,2594714,1853967,1834437,21928641,10464102,0.25,4816269
875309,1384733,2457796,2594714,1853967,1834437,21928641,10464102,0.5,2978392
875309,1384733,2457796,2594714,1853967,1834437,21928641,10464102,0.75,2781583
875309,1384733,2457796,2594714,1853967,1834437,21928641,10464102,1.0,2257518
875309,1384733,2457796,2594714,1853967,1834437,21928641,10464102,1.25,2273775
875309,1384733,2457796,2594714,1853967,1834437,21951258,10694336,0.25,4494602
875309,1384733,2457796,2594714,1853967,1834437,21951258,10694336,0.5,3197997
875309,1384733,2457796,2594714,1853967,1834437,21951258,10694336,0.75,2496920
875309,1384733,2457796,2594714,1853967,1834437,21951258,10694336,1.0,2678233
875309,1384733,2457796,2594714,1853967,1834437,21951258,10694336,1.25,2360709
875309,1384733,2457796,2594714,1853967,1834437,21977312,11695949,0.25,4341620
875309,1384733,2457796,2594714,1853967,1834437,21977312,11695949,0.5,3303059
875309,1384733,2457796,2594714,1853967,1834437,21977312,11695949,0.75,2579902
875309,1384733,2457796,2594714,1853967,1834437,21977312,11695949,1.0,2182874
875309,1384733,2457796,2594714,1853967,1834437,21977312,11695949,1.25,2327681
875309,1384733,2457796,2594714,1853967,1834437,22038823,11713607,0.25,4404533
875309,1384733,2457796,2594714,1853967,1834437,22038823,11713607,0.5,3089095
875309,1384733,2457796,2594714,1853967,1834437,22038823,11713607,0.75,2797401
875309,1384733,2457796,2594714,1853967,1834437,22038823,11713607,1.0,2430993
875309,1384733,2457796,2594714,1853967,1834437,22038823,11713607,1.25,2390618
875309,1384733,2457796,2594714,1853967,1834437,22108634,10540798,0.25,4964813
875309,1384733,2457796,2594714,1853967,1834437,22108634,10540798,0.5,3386312
875309,1384733,2457796,2594714,1853967,1834437,22108634,10540798,0.75,2739935
875309,1384733,2457796,2594714,1853967,1834437,22108634,10540798,1.0,2439982
875309,1384733,2457796,2594714,1853967,1834437,22108634,10540798,1.25,2317511
875309,1384733,2457796,2594714,1853967,1834437,22143584,11869523,0.25,4589349
875309,1384733,2457796,2594714,1853967,1834437,22143584,11869523,0.5,3094401
875309,1384733,2457796,2594714,1853967,1834437,22143584,11869523,0.75,2803611
875309,1384733,2457796,2594714,1853967,1834437,22143584,11869523,1.0,2395719
875309,1384733,2457796,2594714,1853967,1834437,22143584,11869523,1.25,2258906
875309,1384733,2457796,2594714,1853967,1834437,22176138,12087321,0.25,4919632
875309,1384733,2457796,2594714,1853967,1834437,22176138,12087321,0.5,3113900
875309,1384733,2457796,2594714,1853967,1834437,22176138,12087321,0.75,2392872
875309,1384733,2457796,2594714,1853967,1834437,22176138,12087321,1.0,2183509
875309,1384733,2457796,2594714,1853967,1834437,22176138,12087321,1.25,2317397
875309,1384733,2457796,2594714,1853967,1834437,22213513,10641280,0.25,4792983
875309,1384733,2457796,2594714,1853967,1834437,22213513,10641280,0.5,3190611
875309,1384733,2457796,2594714,1853967,1834437,22213513,10641280,0.75,2457191
875309,1384733,2457796,2594714,1853967,1834437,22213513,10641280,1.0,2182017
875309,1384733,2457796,2594714,1853967,1834437,22213513,10641280,1.25,2380912
875309,1384733,2457796,2594714,1853967,1834437,22256809,10435608,0.25,4556673
875309,1384733,2457796,2594714,1853967,1834437,22256809,10435608,0.5,3304647
875309,1384733,2457796,2594714,1853967,1834437,22256809,10435608,0.75,2415904
875309,1384733,2457796,2594714,1853967,1834437,22256809,10435608,1.0,2136853
875309,1384733,2457796,2594714,1853967,1834437,22256809,10435608,1.25,2317826
875309,1384733,2457796,2594714,1853967,1834437,22353828,11680553,0.25,4862680
875309,1384733,2457796,2594714,1853967,1834437,22353828,11680553,0.5,3469982
875309,1384733,2457796,2594714,1853967,1834437,22353828,11680553,0.75,2959057
875309,1384733,2457796,2594714,1853967,1834437,22353828,11680553,1.0,2394647
875309,1384733,2457796,2594714,1853967,1834437,22353828,11680553,1.25,2355373
875309,1384733,2457796,2594714,1853967,1834437,22427925,9916325,0.25,4248528
875309,1384733,2457796,2594714,1853967,1834437,22427925,9916325,0.5,3171937
875309,1384733,2457796,2594714,1853967,1834437,22427925,9916325,0.75,2458575
875309,1384733,2457796,2594714,1853967,1834437,22427925,9916325,1.0,2154559
875309,1384733,2457796,2594714,1853967,1834437,22427925,9916325,1.25,2340912
875309,1384733,2457796,2594714,1853967,1834437,22479810,10436307,0.25,4476498
875309,1384733,2457796,2594714,1853967,1834437,22479810,10436307,0.5,3105711
875309,1384733,2457796,2594714,1853967,1834437,22479810,10436307,0.75,2708980
875309,1384733,2457796,2594714,1853967,1834437,22479810,10436307,1.0,2138156
875309,1384733,2457796,2594714,1853967,1834437,22479810,10436307,1.25,2302909
875309,1384733,2457796,2594714,1853967,1834437,22511118,10761874,0.25,4696525
875309,1384733,2457796,2594714,1853967,1834437,22511118,10761874,0.5,3042379
875309,1384733,2457796,2594714,1853967,1834437,22511118,10761874,0.75,2556556
875309,1384733,2457796,2594714,1853967,1834437,22511118,10761874,1.0,2124262
875309,1384733,2457796,2594714,1853967,1834437,22511118,10761874,1.25,2390284
875309,1384733,2457796,2594714,1853967,1834437,22561457,11476355,0.25,4510769
875309,1384733,2457796,2594714,1853967,1834437,22561457,11476355,0.5,3449853
875309,1384733,2457796,2594714,1853967,1834437,22561457,11476355,0.75,2537446
875309,1384733,2457796,2594714,1853967,1834437,22561457,11476355,1.0,2115347
875309,1384733,2457796,2594714,1853967,1834437,22561457,11476355,1.25,2351570
875309,1384733,2457796,2594714,1853967,1834437,22627406,11131893,0.25,4416098
875309,1384733,2457796,2594714,1853967,1834437,22627406,11131893,0.5,3051841
875309,1384733,2457796,2594714,1853967,1834437,22627406,11131893,0.75,2447319
875309,1384733,2457796,2594714,1853967,1834437,22627406,11131893,1.0,2390752
875309,1384733,2457796,2594714,1853967,1834437,22627406,11131893,1.25,2417138
875309,1384733,2457796,2594714,1853967,1834437,22741496,10188323,0.25,4700662
875309,1384733,2457796,2594714,1853967,1834437,22741496,10188323,0.5,3096327
875309,1384733,2457796,2594714,1853967,1834437,22741496,10188323,0.75,2423153
875309,1384733,2457796,2594714,1853967,1834437,22741496,10188323,1.0,2161837
875309,1384733,2457796,2594714,1853967,1834437,22741496,10188323,1.25,2299358
875309,1384733,2457796,2594714,1853967,1834437,22820170,10823759,0.25,4494429
875309,1384733,2457796,2594714,1853967,1834437,22820170,10823759,0.5,3183033
875309,1384733,2457796,2594714,1853967,1834437,22820170,10823759,0.75,2478755
875309,1384733,2457796,2594714,1853967,1834437,22820170,10823759,1.0,2137551
875309,1384733,2457796,2594714,1853967,1834437,22820170,10823759,1.25,2297376
875309,1384733,2457796,2594714,1853967,1834437,22874470,11281800,0.25,4262830
875309,1384733,2457796,2594714,1853967,1834437,22874470,11281800,0.5,3277014
875309,1384733,2457796,2594714,1853967,1834437,22874470,11281800,0.75,2479801
875309,1384733,2457796,2594714,1853967,1834437,22874470,11281800,1.0,2186870
875309,1384733,2457796,2594714,1853967,1834437,22874470,11281800,1.25,2313677
875309,1384733,2457796,2594714,1853967,1834437,22970698,10349359,0.25,4887234
875309,1384733,2457796,2594714,1853967,1834437,22970698,10349359,0.5,3088438
875309,1384733,2457796,2594714,1853967,1834437,22970698,10349359,0.75,2472134
875309,1384733,2457796,2594714,1853967,1834437,22970698,10349359,1.0,2565475
875309,1384733,2457796,2594714,1853967,1834437,22970698,10349359,1.25,2286770
875309,1384733,2457796,2594714,1853967,1834437,23118465,11634781,0.25,4795945
875309,1384733,2457796,2594714,1853967,1834437,23118465,11634781,0.5,3114958
875309,1384733,2457796,2594714,1853967,1834437,23118465,11634781,0.75,2501588
875309,1384733,2457796,2594714,1853967,1834437,23118465,11634781,1.0,2688962
875309,1384733,2457796,2594714,1853967,1834437,23118465,11634781,1.25,2287848
875309,1384733,2457796,2594714,1853967,1834437,23174161,13145010,0.25,4764448
875309,1384733,2457796,2594714,1853967,1834437,23174161,13145010,0.5,3403926
875309,1384733,2457796,2594714,1853967,1834437,23174161,13145010,0.75,2801118
875309,1384733,2457796,2594714,1853967,1834437,23174161,13145010,1.0,2138859
875309,1384733,2457796,2594714,1853967,1834437,23174161,13145010,1.25,2319997
875309,1384733,2457796,2594714,1853967,1834437,23225788,11350837,0.25,4868655
875309,1384733,2457796,2594714,1853967,1834437,23225788,11350837,0.5,3314068
875309,1384733,2457796,2594714,1853967,1834437,23225788,11350837,0.75,2879936
875309,1384733,2457796,2594714,1853967,1834437,23225788,11350837,1.0,2474234
875309,1384733,2457796,2594714,1853967,1834437,23225788,11350837,1.25,2351386
875309,1384733,2457796,2594714,1853967,1834437,23289768,10338790,0.25,4890179
875309,1384733,2457796,2594714,1853967,1834437,23289768,10338790,0.5,3099858
875309,1384733,2457796,2594714,1853967,1834437,23289768,10338790,0.75,2462853
875309,1384733,2457796,2594714,1853967,1834437,23289768,10338790,1.0,2533662
875309,1384733,2457796,2594714,1853967,1834437,23289768,10338790,1.25,2306600
875309,1384733,2457796,2594714,1853967,1834437,23360585,13573155,0.25,5226035
875309,1384733,2457796,2594714,1853967,1834437,23360585,13573155,0.5,3380800
875309,1384733,2457796,2594714,1853967,1834437,23360585,13573155,0.75,2962629
875309,1384733,2457796,2594714,1853967,1834437,23360585,13573155,1.0,2481281
875309,1384733,2457796,2594714,1853967,1834437,23360585,13573155,1.25,2329391
